empresa,cnpj,contrato_principal,demais_contratos,objeto,orgao,valor_validado,vigencia_inicio,vigencia_fim,regime,clausula,data_base,data_base_state,indice,paginas_e_trechos,historico_reajuste,contato_email,contato_telefone,contato_site,contato_fonte,contato_data_consulta,contato_verificavel,riscos,mensagem_exploratoria_sugerida,decisao_sugerida,tiago_decision,outreach_status,document_link_status,score,sede_uf
CONSTRUTORA CIDADE LIMITADA,92943398000118,04892707000100-2-000192/2024,04892707000100-2-000620/2024 | 04892707000100-2-000619/2024,ELABORAÇÃO DE PROJETO E EXECUÇÃO DAS OBRAS EMERGENCIAIS PARA CONSTRUÇÃO DA PONTE SOBRE O RIO CAÍ NA BR-116/RS ENTRE OS MUNICÍPIOS DE CAXIAS DO SUL/RS E NOVA PETRÓPOLIS/RS.,SUP. REG. DO DNIT NO EST.DO RIO GRANDE DO SUL,245611510.28,,,LEI_14133_2021,"finidos no Termo de Referência, anexo a este Contrato.
 
7. CLÁUSULA  SÉTIMA  – REAJUSTE ( ART. 92, V)
7.1. Os preços inicialmente contratados são fixos e irreajustáveis no prazo de um ano contado da data do orçamento estimado.
7.1.1. O orçamento estimado pela Administração baseou-se nas planilhas referenciais, elaboradas com base no SICRO do mês de  janeiro/2024 .
7.2. Após o interregno de um ano, independentemente de pedido do contratado, os preços iniciais serão reajustados, media",2024-01,EXACT_DATE_IN_REFERENCED_BUDGET,SICRO,"data-base p/cell=1-14: noventa centavos)  - SICRO - mês-base JANEIRO/2024 –  ONERADO (SEM DESONERAÇÃO) .
 
10. JU || indice p=1-7: ['SICRO'] || regime_legal_14133 p=1-7: nº 50610.002394/2024-14  e em observância às disposições da Lei nº 14.133, de 1º || clausula_reajuste p=1-7: finidos no Termo de Referência, anexo a este Contrato.
 
7. CLÁUSULA  SÉTIMA  –  || indice_na_clausula_reajuste p=1-7: REAJUSTE ( ART. 92, V)
7.1. Os preços inicialmente contratados são fixos e irrea || clausula_reajuste p=1-7: iniciadas e concluídas após a ocorrência da anualidade.MINUTA
[page=2]
7.3. Nos  || clausula_reajuste p=1-7: rregno mínimo de um ano será contado a partir dos efeitos financeiros do último  || clausula_reajuste p=1-7: o último reajuste.
7.4. No caso de atraso ou não divulgação do(s) índice (s) de ",,,5133886465,,brasilapi_or_portfolio,2026-08-05,True,"['ausencia_de_apostila_no_pncp_nao_prova_que_reajuste_nao_foi_concedido', 'Saldo/medições indisponíveis — valor sobre total é teto teórico, não valor devido.', 'indice_contratual_ausente — não aplicar IPCA/INCC/SINAPI por plausibilidade']","Estamos analisando contratos públicos de obras com interregno anual já transcorrido e identificamos que este instrumento merece conferência da cláusula de reajuste. Para confirmar eventual valor, seria necessário examinar contrato, orçamento, medições e apostilas.",DEFER,,DOCUMENT_REQUEST_CANDIDATE,DOCUMENT_LINK_UNVERIFIED,38.36,RS
CONSTRUTORA ALEGRETENSE LTDA,07807120000144,92883834000100-2-000015/2025,92883834000100-2-000019/2025 | 87896874000157-2-000272/2024 | 87896874000157-2-000258/2024 | 87896874000157-2-000165/2024 | 87896874000157-2-000268/2024 | 92883834000100-2-000008/2026 | 87896874000157-2-000555/2024 | 92883834000100-2-000011/2026,"Contratação de empresa do ramo de engenharia para a execução dos serviços de elaboração de projetos básico e executivo de engenharia e execução de obras emergenciais de requalificação e reabilitação funcional do pavimento, da drenagem e da sinalização, bem como obras de contenção e melhorias necessárias para reestabelecimento e qualificação viária da rodovia ERS-640, Lote 15, trecho entr. ERS-241,",DEPARTAMENTO AUTÔNOMO DE ESTRADAS DE RODAGEM,106912731.06,,,LEI_14133_2021,"ao Consumidor — SNIPC, ou outro que venha a substituí-lo. 
CLÁUSULA SÉTIMA — DO REAJUSTE DOS PREÇOS
7.1 O contrato será reajustado, observado o interregno mínimo de um ano, a contar da
data do orçamento-base da Administração.
7.1.1. Nos reajustes subsequentes ao primeiro, o interregno mínimo de um ano será
contado a partir dos efeitos financeiros do último reajuste.
7.2. O valor do contrato será reajustado pela variação do índice FGV/IBRE, adotado
pelo DAER no seu Sistema de Gerencia",2024-04,EXACT_DATE_IN_REFERENCED_BUDGET,,"data-base p/cell=1-229: CONFIABILIDAD E
QUADRO RESUMO
MÊS-BASE: Abril / 2024 - SEM 
DESONERAÇÃO
30/12/2024 00:02:53 || regime_legal_14133 p=1-24: Resolução nº XXXX , com  fundamento na Lei  nº  14.981/24; Lei  nº  14.133/21;   || clausula_reajuste p=1-24: ao Consumidor — SNIPC, ou outro que venha a substituí-lo. 
CLÁUSULA SÉTIMA — DO  || clausula_reajuste p=1-24: nimo de um ano, a contar da
data do orçamento-base da Administração.
7.1.1. Nos  || clausula_reajuste p=1-24: rregno mínimo de um ano será
contado a partir dos efeitos financeiros do último  || indice_fora_da_clausula p=1-24: Preços ao Consumidor Amplo — IPCA, do Sistema
Nacional de Índic || regime_legal_14133 p=1-114: to) do valor total do  contrato, nos termos do art. 98, da 
Lei nº 14.133/2021,  || clausula_reajuste p=1-114: .. ................................................... ........... 43  
14.  DO ",,,5534262007,,brasilapi_or_portfolio,2026-08-05,True,"['ausencia_de_apostila_no_pncp_nao_prova_que_reajuste_nao_foi_concedido', 'Saldo/medições indisponíveis — valor sobre total é teto teórico, não valor devido.', 'indice_contratual_ausente — não aplicar IPCA/INCC/SINAPI por plausibilidade']","Estamos analisando contratos públicos de obras com interregno anual já transcorrido e identificamos que este instrumento merece conferência da cláusula de reajuste. Para confirmar eventual valor, seria necessário examinar contrato, orçamento, medições e apostilas.",DEFER,,DOCUMENT_REQUEST_CANDIDATE,DOCUMENT_LINK_VERIFIED,34.05,RS
EMPRESA CONSTRUTORA PORTO BETON SA,03769527000173,88546890000182-2-000125/2024,92324706000127-2-000750/2023 | 87958641000131-2-000262/2025 | 89175541000164-2-000071/2026,"Constitui objeto da presente licitação a contratação de empresa do ramo, visando a execução de obras de reforma e ampliação da pista de pouso e decolagem; nova taxiway e pátio; regularização da faixa de pista, preparada e resa's; nova drenagem; cerca operacional; auxílios à navegação aérea; acesso viário; estacionamento e serviços complementares no Aeroporto de Santa Rosa/RS (SSZR), que será execu",GERENCIA DO AEROPORTO MUNICIPAL LUIS ALBERTO LEHR,48696821.93,,,LEI_14133_2021,"obrigações contratuais correspondentes ao objeto da subcontratação.  
 
19. DO REAJUSTAMENTO EM SENTIDO GERAL  
19.1.  As regras acerca do reajustamento em sentido geral do valor contratual são as estabelecidas na 
Minuta  de Termo  de Contrato, anexo a este edital, devendo ser utilizado o índice pelo IPCA/IBGE .  
 
20. DO RECEBIMENTO DO OBJETO E DA FISCALIZAÇÃO  
20.1.  Os critérios de recebimento e aceitação do objeto e de fiscalização são os  previstos no documento 
Termo de Referênc",2024-01-30,EXACT_DATE_IN_REAJUSTE_CLAUSE,"SINAPI, SICRO","data-base p/cell=1-43: LIDADO.  
9.2.2 O orçamento estimado consolidado na data de 30/01/2024 pela Administração 
baseou -se nas planilhas elab || indice p=1-43: ['SINAPI', 'SICRO'] || regime_legal_14133 p=1-54: lação que disciplina a matéria, conforme § 1º do art. 9º da Lei nº 14.133, de 20 || clausula_reajuste p=1-54: obrigações contratuais correspondentes ao objeto da subcontratação.  
 
19. DO R || indice_na_clausula_reajuste p=1-54: REAJUSTAMENTO EM SENTIDO GERAL  
19.1.  As regras acerca do reajustamento em sen || clausula_reajuste p=1-54: ratação.  
 
19. DO REAJUSTAMENTO EM SENTIDO GERAL  
19.1.  As regras acerca do  || clausula_reajuste p=1-54: penas o valor remanescente a executar em cada contrato, 
considerando eventuais  || clausula_reajuste p=1-54: r remanescente a executar em cada contrato, 
considerando eventuais reajustes e ",,,5134796351,,brasilapi_or_portfolio,2026-08-05,True,"['ausencia_de_apostila_no_pncp_nao_prova_que_reajuste_nao_foi_concedido', 'Saldo/medições indisponíveis — valor sobre total é teto teórico, não valor devido.', 'indice_contratual_ausente — não aplicar IPCA/INCC/SINAPI por plausibilidade']","Estamos analisando contratos públicos de obras com interregno anual já transcorrido e identificamos que este instrumento merece conferência da cláusula de reajuste. Para confirmar eventual valor, seria necessário examinar contrato, orçamento, medições e apostilas.",DEFER,,DOCUMENT_REQUEST_CANDIDATE,DOCUMENT_LINK_UNVERIFIED,34.0,RS
