claim_id,kind,statement,source,collection_id,cycle_run_id,source_record_run_id,normalized_table,normalized_id,rule,product,source_record_id,scope,indicator
opp-9,opportunity,Oportunidade SEED-PNCP-00360305000104-0 orgão=CEFOR ranking=REVIEW valor_estimado=None (estimado_ou_nao_declarado),pncp,col-extra-weekly-20260724T214052Z-8da20af7,collect-pncp_opportunities-20260724T214053Z-f8742a1bfd,,opportunity_intel,9,opportunity_intel.ranking + status_canonico + extra_scope,opportunities.csv / executive_summary.md,,,
opp-10,opportunity,Oportunidade SEED-PNCP-00394452000103-0 orgão=SECRETARIA GERAL DO EXERCITO/MEX/DF ranking=REVIEW valor_estimado=None (estimado_ou_nao_declarado),pncp,col-extra-weekly-20260724T214052Z-8da20af7,collect-pncp_opportunities-20260724T214053Z-f8742a1bfd,,opportunity_intel,10,opportunity_intel.ranking + status_canonico + extra_scope,opportunities.csv / executive_summary.md,,,
opp-11,opportunity,Oportunidade SEED-PNCP-00394544000185-0 orgão=SUPERINTENDENCIA ESTADUAL DO MS/TO ranking=REVIEW valor_estimado=None (estimado_ou_nao_declarado),pncp,col-extra-weekly-20260724T214052Z-8da20af7,collect-pncp_opportunities-20260724T214053Z-f8742a1bfd,,opportunity_intel,11,opportunity_intel.ranking + status_canonico + extra_scope,opportunities.csv / executive_summary.md,,,
opp-1,opportunity,Oportunidade 11360515000119-1-000013/2026 orgão=FUNDO MUNICIPAL DE SAUDE DE SANTA TEREZINHA DO PROGRESSO ranking=REVIEW valor_estimado=None (estimado_ou_nao_declarado),pncp,col-extra-weekly-20260724T214052Z-8da20af7,collect-pncp_opportunities-20260724T214053Z-f8742a1bfd,,opportunity_intel,1,opportunity_intel.ranking + status_canonico + extra_scope,opportunities.csv / executive_summary.md,,,
opp-2,opportunity,Oportunidade 07654807000197-1-000072/2026 orgão=CONSORCIO INTERMUNICIPAL DE SAUDE DO ALTO URUGUAI CATARINENSE ranking=REVIEW valor_estimado=None (estimado_ou_nao_declarado),pncp,col-extra-weekly-20260724T214052Z-8da20af7,collect-pncp_opportunities-20260724T214053Z-f8742a1bfd,,opportunity_intel,2,opportunity_intel.ranking + status_canonico + extra_scope,opportunities.csv / executive_summary.md,,,
opp-3,opportunity,Oportunidade 10432684000154-1-000049/2025 orgão=FUNDO MUNICIPAL DE SAUDE ranking=REVIEW valor_estimado=None (estimado_ou_nao_declarado),pncp,col-extra-weekly-20260724T214052Z-8da20af7,collect-pncp_opportunities-20260724T214053Z-f8742a1bfd,,opportunity_intel,3,opportunity_intel.ranking + status_canonico + extra_scope,opportunities.csv / executive_summary.md,,,
opp-4,opportunity,Oportunidade 83102541000158-1-000167/2025 orgão=MUNICIPIO DE PORTO UNIAO ranking=REVIEW valor_estimado=None (estimado_ou_nao_declarado),pncp,col-extra-weekly-20260724T214052Z-8da20af7,collect-pncp_opportunities-20260724T214053Z-f8742a1bfd,,opportunity_intel,4,opportunity_intel.ranking + status_canonico + extra_scope,opportunities.csv / executive_summary.md,,,
contract-82836057000190-2-001020/2026,contract,Contrato órgão=MUNICÍPIO DE GAROPABA fornecedor=CEPALAB LABORATORIOS S.A valor_contratado=13320.00 (valor_contratado),pncp_contracts,col-extra-weekly-20260724T214052Z-8da20af7,collect-pncp_contracts-20260724T214053Z-978b39a746,,pncp_supplier_contracts,82836057000190-2-001020/2026,extra_universe_200km + valor_contratado_not_paid,contracts.csv / executive_summary.md,82836057000190-2-001020/2026,extra_universe_200km,
contract-83102343000194-2-002449/2026,contract,Contrato órgão=MUNICÍPIO DE BRUSQUE fornecedor=SK MATERIAIS PARA ESCRITORIO LTDA valor_contratado=135.90 (valor_contratado),pncp_contracts,col-extra-weekly-20260724T214052Z-8da20af7,collect-pncp_contracts-20260724T214053Z-978b39a746,,pncp_supplier_contracts,83102343000194-2-002449/2026,extra_universe_200km + valor_contratado_not_paid,contracts.csv / executive_summary.md,83102343000194-2-002449/2026,extra_universe_200km,
contract-82836057000190-2-001016/2026,contract,Contrato órgão=MUNICÍPIO DE GAROPABA fornecedor=NUTRIPORT COMERCIAL LTDA valor_contratado=23223.80 (valor_contratado),pncp_contracts,col-extra-weekly-20260724T214052Z-8da20af7,collect-pncp_contracts-20260724T214053Z-978b39a746,,pncp_supplier_contracts,82836057000190-2-001016/2026,extra_universe_200km + valor_contratado_not_paid,contracts.csv / executive_summary.md,82836057000190-2-001016/2026,extra_universe_200km,
contract-82836057000190-2-001019/2026,contract,Contrato órgão=MUNICÍPIO DE GAROPABA fornecedor=SEBOLD INDÚSTRIA DE COSMÉTICOS LTDA valor_contratado=176.32 (valor_contratado),pncp_contracts,col-extra-weekly-20260724T214052Z-8da20af7,collect-pncp_contracts-20260724T214053Z-978b39a746,,pncp_supplier_contracts,82836057000190-2-001019/2026,extra_universe_200km + valor_contratado_not_paid,contracts.csv / executive_summary.md,82836057000190-2-001019/2026,extra_universe_200km,
contract-95815379000102-2-000475/2026,contract,Contrato órgão=MUNICÍPIO DE BOMBINHAS fornecedor=MYR COMERCIO DE ARTIGOS PEDAGOGICOS LTDA valor_contratado=440.00 (valor_contratado),pncp_contracts,col-extra-weekly-20260724T214052Z-8da20af7,collect-pncp_contracts-20260724T214053Z-978b39a746,,pncp_supplier_contracts,95815379000102-2-000475/2026,extra_universe_200km + valor_contratado_not_paid,contracts.csv / executive_summary.md,95815379000102-2-000475/2026,extra_universe_200km,
contract-83102343000194-2-002448/2026,contract,Contrato órgão=MUNICÍPIO DE BRUSQUE fornecedor=MEDILAR IMPORTACAO E DISTRIBUICAO DE PRODUTOS MEDICO HOSPITALARES S/A valor_contratado=5279.94 (valor_contratado),pncp_contracts,col-extra-weekly-20260724T214052Z-8da20af7,collect-pncp_contracts-20260724T214053Z-978b39a746,,pncp_supplier_contracts,83102343000194-2-002448/2026,extra_universe_200km + valor_contratado_not_paid,contracts.csv / executive_summary.md,83102343000194-2-002448/2026,extra_universe_200km,
contract-64372423000115-2-000003/2026,contract,Contrato órgão=Servico Autonomo Municipal de Agua e Esgoto - Samae fornecedor=CIEE/SC-CENTRO DE INT. EMPRESA-ESCOLA DE SC valor_contratado=1847.40 (valor_contratado),pncp_contracts,col-extra-weekly-20260724T214052Z-8da20af7,collect-pncp_contracts-20260724T214053Z-978b39a746,,pncp_supplier_contracts,64372423000115-2-000003/2026,extra_universe_200km + valor_contratado_not_paid,contracts.csv / executive_summary.md,64372423000115-2-000003/2026,extra_universe_200km,
contract-82836057000190-2-001015/2026,contract,Contrato órgão=MUNICÍPIO DE GAROPABA fornecedor=NUTRIPORT COMERCIAL LTDA valor_contratado=1713.00 (valor_contratado),pncp_contracts,col-extra-weekly-20260724T214052Z-8da20af7,collect-pncp_contracts-20260724T214053Z-978b39a746,,pncp_supplier_contracts,82836057000190-2-001015/2026,extra_universe_200km + valor_contratado_not_paid,contracts.csv / executive_summary.md,82836057000190-2-001015/2026,extra_universe_200km,
contract-82836057000190-2-001017/2026,contract,Contrato órgão=MUNICÍPIO DE GAROPABA fornecedor=NUTRIPORT COMERCIAL LTDA valor_contratado=1142.00 (valor_contratado),pncp_contracts,col-extra-weekly-20260724T214052Z-8da20af7,collect-pncp_contracts-20260724T214053Z-978b39a746,,pncp_supplier_contracts,82836057000190-2-001017/2026,extra_universe_200km + valor_contratado_not_paid,contracts.csv / executive_summary.md,82836057000190-2-001017/2026,extra_universe_200km,
contract-82836057000190-2-001018/2026,contract,Contrato órgão=MUNICÍPIO DE GAROPABA fornecedor=REIFLEX INDUSTRIA E COMERCIO DE MOVEIS LTDA valor_contratado=1408.00 (valor_contratado),pncp_contracts,col-extra-weekly-20260724T214052Z-8da20af7,collect-pncp_contracts-20260724T214053Z-978b39a746,,pncp_supplier_contracts,82836057000190-2-001018/2026,extra_universe_200km + valor_contratado_not_paid,contracts.csv / executive_summary.md,82836057000190-2-001018/2026,extra_universe_200km,
contract-82836057000190-2-001022/2026,contract,Contrato órgão=MUNICÍPIO DE GAROPABA fornecedor=GAMBA CONEXOES COMERCIO ATACADISTA DE ALIMENTOS LTDA valor_contratado=397.60 (valor_contratado),pncp_contracts,col-extra-weekly-20260724T214052Z-8da20af7,collect-pncp_contracts-20260724T214053Z-978b39a746,,pncp_supplier_contracts,82836057000190-2-001022/2026,extra_universe_200km + valor_contratado_not_paid,contracts.csv / executive_summary.md,82836057000190-2-001022/2026,extra_universe_200km,
contract-82836057000190-2-001024/2026,contract,Contrato órgão=MUNICÍPIO DE GAROPABA fornecedor=ELEVATE UTILIDADES LTDA valor_contratado=155.56 (valor_contratado),pncp_contracts,col-extra-weekly-20260724T214052Z-8da20af7,collect-pncp_contracts-20260724T214053Z-978b39a746,,pncp_supplier_contracts,82836057000190-2-001024/2026,extra_universe_200km + valor_contratado_not_paid,contracts.csv / executive_summary.md,82836057000190-2-001024/2026,extra_universe_200km,
contract-95815379000102-2-000476/2026,contract,Contrato órgão=MUNICÍPIO DE BOMBINHAS fornecedor=MYR COMERCIO DE ARTIGOS PEDAGOGICOS LTDA valor_contratado=124.50 (valor_contratado),pncp_contracts,col-extra-weekly-20260724T214052Z-8da20af7,collect-pncp_contracts-20260724T214053Z-978b39a746,,pncp_supplier_contracts,95815379000102-2-000476/2026,extra_universe_200km + valor_contratado_not_paid,contracts.csv / executive_summary.md,95815379000102-2-000476/2026,extra_universe_200km,
contract-83102343000194-2-002447/2026,contract,Contrato órgão=MUNICÍPIO DE BRUSQUE fornecedor=MEDILAR IMPORTACAO E DISTRIBUICAO DE PRODUTOS MEDICO HOSPITALARES S/A valor_contratado=5664.00 (valor_contratado),pncp_contracts,col-extra-weekly-20260724T214052Z-8da20af7,collect-pncp_contracts-20260724T214053Z-978b39a746,,pncp_supplier_contracts,83102343000194-2-002447/2026,extra_universe_200km + valor_contratado_not_paid,contracts.csv / executive_summary.md,83102343000194-2-002447/2026,extra_universe_200km,
contract-82845744000171-2-000523/2026,contract,Contrato órgão=MUNICÍPIO DE MAJOR GERCINO fornecedor=OTHALA COMERCIO LTDA valor_contratado=65.64 (valor_contratado),pncp_contracts,col-extra-weekly-20260724T214052Z-8da20af7,collect-pncp_contracts-20260724T214053Z-978b39a746,,pncp_supplier_contracts,82845744000171-2-000523/2026,extra_universe_200km + valor_contratado_not_paid,contracts.csv / executive_summary.md,82845744000171-2-000523/2026,extra_universe_200km,
contract-83102772000161-2-000297/2026,contract,Contrato órgão=MUNICÍPIO DE ASCURRA fornecedor=CIG COMERCIO DE EMBALAGENS - EIRELI valor_contratado=584.00 (valor_contratado),pncp_contracts,col-extra-weekly-20260724T214052Z-8da20af7,collect-pncp_contracts-20260724T214053Z-978b39a746,,pncp_supplier_contracts,83102772000161-2-000297/2026,extra_universe_200km + valor_contratado_not_paid,contracts.csv / executive_summary.md,83102772000161-2-000297/2026,extra_universe_200km,
contract-82575812000120-2-000841/2026,contract,Contrato órgão=MUNICÍPIO DE PORTO BELO fornecedor=JLM DISTRIBUIDORA BR LTDA valor_contratado=6420.00 (valor_contratado),pncp_contracts,col-extra-weekly-20260724T214052Z-8da20af7,collect-pncp_contracts-20260724T214053Z-978b39a746,,pncp_supplier_contracts,82575812000120-2-000841/2026,extra_universe_200km + valor_contratado_not_paid,contracts.csv / executive_summary.md,82575812000120-2-000841/2026,extra_universe_200km,
contract-82836057000190-2-001014/2026,contract,Contrato órgão=MUNICÍPIO DE GAROPABA fornecedor=NUTRIPORT COMERCIAL LTDA valor_contratado=1797.75 (valor_contratado),pncp_contracts,col-extra-weekly-20260724T214052Z-8da20af7,collect-pncp_contracts-20260724T214053Z-978b39a746,,pncp_supplier_contracts,82836057000190-2-001014/2026,extra_universe_200km + valor_contratado_not_paid,contracts.csv / executive_summary.md,82836057000190-2-001014/2026,extra_universe_200km,
contract-82845744000171-2-000524/2026,contract,Contrato órgão=MUNICÍPIO DE MAJOR GERCINO fornecedor=EMMA INDÚSTRIA E COMÉRCIO DE MÓVEIS LTDA valor_contratado=700.00 (valor_contratado),pncp_contracts,col-extra-weekly-20260724T214052Z-8da20af7,collect-pncp_contracts-20260724T214053Z-978b39a746,,pncp_supplier_contracts,82845744000171-2-000524/2026,extra_universe_200km + valor_contratado_not_paid,contracts.csv / executive_summary.md,82845744000171-2-000524/2026,extra_universe_200km,
contract-82845744000171-2-000525/2026,contract,Contrato órgão=MUNICÍPIO DE MAJOR GERCINO fornecedor=MODILAC INDUSTRIA E COMERCIO DE MOVEIS LTDA valor_contratado=1105.00 (valor_contratado),pncp_contracts,col-extra-weekly-20260724T214052Z-8da20af7,collect-pncp_contracts-20260724T214053Z-978b39a746,,pncp_supplier_contracts,82845744000171-2-000525/2026,extra_universe_200km + valor_contratado_not_paid,contracts.csv / executive_summary.md,82845744000171-2-000525/2026,extra_universe_200km,
contract-82892324000146-2-000461/2026,contract,"Contrato órgão=MUNICÍPIO DE SANTO AMARO DA IMPERATRIZ fornecedor=MEGA DENTAL IMPORTACAO, EXPORTACAO E COMERCIO DE PRODUTOS ODONTOLOGICOS LTDA valor_contratado=267.00 (valor_contratado)",pncp_contracts,col-extra-weekly-20260724T214052Z-8da20af7,collect-pncp_contracts-20260724T214053Z-978b39a746,,pncp_supplier_contracts,82892324000146-2-000461/2026,extra_universe_200km + valor_contratado_not_paid,contracts.csv / executive_summary.md,82892324000146-2-000461/2026,extra_universe_200km,
contract-74047341000159-2-000047/2026,contract,Contrato órgão=SERVICO AUTONOMO MUNICIPAL DE AGUA E ESGOTO DE GOVERNADOR CELSO RAMOS fornecedor=JT MEDICAMENTOS LTDA valor_contratado=161.70 (valor_contratado),pncp_contracts,col-extra-weekly-20260724T214052Z-8da20af7,collect-pncp_contracts-20260724T214053Z-978b39a746,,pncp_supplier_contracts,74047341000159-2-000047/2026,extra_universe_200km + valor_contratado_not_paid,contracts.csv / executive_summary.md,74047341000159-2-000047/2026,extra_universe_200km,
contract-82951195000110-2-000456/2026,contract,Contrato órgão=MUNICÍPIO DE ANGELINA fornecedor=SAVANA COMERCIO DE VEICULOS LTDA valor_contratado=624077.00 (valor_contratado),pncp_contracts,col-extra-weekly-20260724T214052Z-8da20af7,collect-pncp_contracts-20260724T214053Z-978b39a746,,pncp_supplier_contracts,82951195000110-2-000456/2026,extra_universe_200km + valor_contratado_not_paid,contracts.csv / executive_summary.md,82951195000110-2-000456/2026,extra_universe_200km,
contract-82836057000190-2-001021/2026,contract,Contrato órgão=MUNICÍPIO DE GAROPABA fornecedor=PLANALTO COMERCIO E TRANSPORTES DE ALIMENTOS LTDA valor_contratado=209.50 (valor_contratado),pncp_contracts,col-extra-weekly-20260724T214052Z-8da20af7,collect-pncp_contracts-20260724T214053Z-978b39a746,,pncp_supplier_contracts,82836057000190-2-001021/2026,extra_universe_200km + valor_contratado_not_paid,contracts.csv / executive_summary.md,82836057000190-2-001021/2026,extra_universe_200km,
contract-81286254000110-2-000164/2026,contract,Contrato órgão=FUNDAÇÃO HOSPITALAR MUNICIPAL DE CANELINHA fornecedor=CENTERMEDI-COMERCIO DE PRODUTOS HOSPITALARES LTDA valor_contratado=868.00 (valor_contratado),pncp_contracts,col-extra-weekly-20260724T214052Z-8da20af7,collect-pncp_contracts-20260724T214053Z-978b39a746,,pncp_supplier_contracts,81286254000110-2-000164/2026,extra_universe_200km + valor_contratado_not_paid,contracts.csv / executive_summary.md,81286254000110-2-000164/2026,extra_universe_200km,
contract-82836057000190-2-001023/2026,contract,Contrato órgão=MUNICÍPIO DE GAROPABA fornecedor=MC COMÉRCIO DE ALIMENTOS E TRANSPORTES LTDA valor_contratado=296.00 (valor_contratado),pncp_contracts,col-extra-weekly-20260724T214052Z-8da20af7,collect-pncp_contracts-20260724T214053Z-978b39a746,,pncp_supplier_contracts,82836057000190-2-001023/2026,extra_universe_200km + valor_contratado_not_paid,contracts.csv / executive_summary.md,82836057000190-2-001023/2026,extra_universe_200km,
contract-82892357000196-2-000349/2026,contract,Contrato órgão=MUNICÍPIO DE RANCHO QUEIMADO fornecedor=CLEANLURB PRODUTOS & SERVICOS LTDA valor_contratado=1137.35 (valor_contratado),pncp_contracts,col-extra-weekly-20260724T214052Z-8da20af7,collect-pncp_contracts-20260724T214053Z-978b39a746,,pncp_supplier_contracts,82892357000196-2-000349/2026,extra_universe_200km + valor_contratado_not_paid,contracts.csv / executive_summary.md,82892357000196-2-000349/2026,extra_universe_200km,
contract-82892357000196-2-000348/2026,contract,Contrato órgão=MUNICÍPIO DE RANCHO QUEIMADO fornecedor=EMMA INDÚSTRIA E COMÉRCIO DE MÓVEIS LTDA valor_contratado=700.00 (valor_contratado),pncp_contracts,col-extra-weekly-20260724T214052Z-8da20af7,collect-pncp_contracts-20260724T214053Z-978b39a746,,pncp_supplier_contracts,82892357000196-2-000348/2026,extra_universe_200km + valor_contratado_not_paid,contracts.csv / executive_summary.md,82892357000196-2-000348/2026,extra_universe_200km,
contract-95815379000102-2-000477/2026,contract,Contrato órgão=MUNICÍPIO DE BOMBINHAS fornecedor=MYR COMERCIO DE ARTIGOS PEDAGOGICOS LTDA valor_contratado=132.00 (valor_contratado),pncp_contracts,col-extra-weekly-20260724T214052Z-8da20af7,collect-pncp_contracts-20260724T214053Z-978b39a746,,pncp_supplier_contracts,95815379000102-2-000477/2026,extra_universe_200km + valor_contratado_not_paid,contracts.csv / executive_summary.md,95815379000102-2-000477/2026,extra_universe_200km,
contract-83102343000194-2-002450/2026,contract,Contrato órgão=MUNICÍPIO DE BRUSQUE fornecedor=SK MATERIAIS PARA ESCRITORIO LTDA valor_contratado=135.90 (valor_contratado),pncp_contracts,col-extra-weekly-20260724T214052Z-8da20af7,collect-pncp_contracts-20260724T214053Z-978b39a746,,pncp_supplier_contracts,83102343000194-2-002450/2026,extra_universe_200km + valor_contratado_not_paid,contracts.csv / executive_summary.md,83102343000194-2-002450/2026,extra_universe_200km,
competitor-00802002000102,competitor,Concorrente ALTERMED MATERIAL MEDICO HOSPITALAR LTDA cnpj=00802002000102 n_contratos=3563 soma_valor_contratado=5660419.79 (soma_valor_contratado_nao_pago),pncp_contracts,col-extra-weekly-20260724T214052Z-8da20af7,collect-pncp_contracts-20260724T214053Z-978b39a746,,pncp_supplier_contracts_agg,00802002000102,extra_universe_200km competitor aggregation 365d,competitors.csv / executive_summary.md,,extra_universe_200km,
competitor-45747626000102,competitor,Concorrente OTHALA COMERCIO LTDA cnpj=45747626000102 n_contratos=3456 soma_valor_contratado=2583238.76 (soma_valor_contratado_nao_pago),pncp_contracts,col-extra-weekly-20260724T214052Z-8da20af7,collect-pncp_contracts-20260724T214053Z-978b39a746,,pncp_supplier_contracts_agg,45747626000102,extra_universe_200km competitor aggregation 365d,competitors.csv / executive_summary.md,,extra_universe_200km,
competitor-13965228000168,competitor,Concorrente JLM DISTRIBUIDORA BR LTDA cnpj=13965228000168 n_contratos=3196 soma_valor_contratado=3694562.15 (soma_valor_contratado_nao_pago),pncp_contracts,col-extra-weekly-20260724T214052Z-8da20af7,collect-pncp_contracts-20260724T214053Z-978b39a746,,pncp_supplier_contracts_agg,13965228000168,extra_universe_200km competitor aggregation 365d,competitors.csv / executive_summary.md,,extra_universe_200km,
competitor-03652030000332,competitor,Concorrente CENTERMEDI-COMERCIO DE PRODUTOS HOSPITALARES LTDA cnpj=03652030000332 n_contratos=2345 soma_valor_contratado=4848971.96 (soma_valor_contratado_nao_pago),pncp_contracts,col-extra-weekly-20260724T214052Z-8da20af7,collect-pncp_contracts-20260724T214053Z-978b39a746,,pncp_supplier_contracts_agg,03652030000332,extra_universe_200km competitor aggregation 365d,competitors.csv / executive_summary.md,,extra_universe_200km,
competitor-38613730000130,competitor,Concorrente JM PAPELARIA LTDA cnpj=38613730000130 n_contratos=2290 soma_valor_contratado=1573976.05 (soma_valor_contratado_nao_pago),pncp_contracts,col-extra-weekly-20260724T214052Z-8da20af7,collect-pncp_contracts-20260724T214053Z-978b39a746,,pncp_supplier_contracts_agg,38613730000130,extra_universe_200km competitor aggregation 365d,competitors.csv / executive_summary.md,,extra_universe_200km,
competitor-29222667000110,competitor,Concorrente SK MATERIAIS PARA ESCRITORIO LTDA cnpj=29222667000110 n_contratos=2265 soma_valor_contratado=1311825.11 (soma_valor_contratado_nao_pago),pncp_contracts,col-extra-weekly-20260724T214052Z-8da20af7,collect-pncp_contracts-20260724T214053Z-978b39a746,,pncp_supplier_contracts_agg,29222667000110,extra_universe_200km competitor aggregation 365d,competitors.csv / executive_summary.md,,extra_universe_200km,
competitor-19633424000111,competitor,Concorrente PLANALTO COMERCIO E TRANSPORTES DE ALIMENTOS LTDA cnpj=19633424000111 n_contratos=1963 soma_valor_contratado=2809895.72 (soma_valor_contratado_nao_pago),pncp_contracts,col-extra-weekly-20260724T214052Z-8da20af7,collect-pncp_contracts-20260724T214053Z-978b39a746,,pncp_supplier_contracts_agg,19633424000111,extra_universe_200km competitor aggregation 365d,competitors.csv / executive_summary.md,,extra_universe_200km,
competitor-05531725000120,competitor,Concorrente SOMA SC PRODUTOS HOSPITALARES LTDA cnpj=05531725000120 n_contratos=1925 soma_valor_contratado=4129175.06 (soma_valor_contratado_nao_pago),pncp_contracts,col-extra-weekly-20260724T214052Z-8da20af7,collect-pncp_contracts-20260724T214053Z-978b39a746,,pncp_supplier_contracts_agg,05531725000120,extra_universe_200km competitor aggregation 365d,competitors.csv / executive_summary.md,,extra_universe_200km,
competitor-07752236000123,competitor,Concorrente MEDILAR IMPORTACAO E DISTRIBUICAO DE PRODUTOS MEDICO HOSPITALARES S/A cnpj=07752236000123 n_contratos=1890 soma_valor_contratado=4670931.08 (soma_valor_contratado_nao_pago),pncp_contracts,col-extra-weekly-20260724T214052Z-8da20af7,collect-pncp_contracts-20260724T214053Z-978b39a746,,pncp_supplier_contracts_agg,07752236000123,extra_universe_200km competitor aggregation 365d,competitors.csv / executive_summary.md,,extra_universe_200km,
competitor-39655478000195,competitor,Concorrente SEBOLD INDÚSTRIA DE COSMÉTICOS LTDA cnpj=39655478000195 n_contratos=1838 soma_valor_contratado=1596486.24 (soma_valor_contratado_nao_pago),pncp_contracts,col-extra-weekly-20260724T214052Z-8da20af7,collect-pncp_contracts-20260724T214053Z-978b39a746,,pncp_supplier_contracts_agg,39655478000195,extra_universe_200km competitor aggregation 365d,competitors.csv / executive_summary.md,,extra_universe_200km,
competitor-26044069000100,competitor,Concorrente SOMA ATACADO LTDA cnpj=26044069000100 n_contratos=1716 soma_valor_contratado=1351165.40 (soma_valor_contratado_nao_pago),pncp_contracts,col-extra-weekly-20260724T214052Z-8da20af7,collect-pncp_contracts-20260724T214053Z-978b39a746,,pncp_supplier_contracts_agg,26044069000100,extra_universe_200km competitor aggregation 365d,competitors.csv / executive_summary.md,,extra_universe_200km,
competitor-40738368000176,competitor,Concorrente GAMBA CONEXOES COMERCIO ATACADISTA DE ALIMENTOS LTDA cnpj=40738368000176 n_contratos=1667 soma_valor_contratado=2560894.26 (soma_valor_contratado_nao_pago),pncp_contracts,col-extra-weekly-20260724T214052Z-8da20af7,collect-pncp_contracts-20260724T214053Z-978b39a746,,pncp_supplier_contracts_agg,40738368000176,extra_universe_200km competitor aggregation 365d,competitors.csv / executive_summary.md,,extra_universe_200km,
competitor-11118645000140,competitor,Concorrente SPOTECH INFORMATICA CORAL LTDA cnpj=11118645000140 n_contratos=1645 soma_valor_contratado=1194007.34 (soma_valor_contratado_nao_pago),pncp_contracts,col-extra-weekly-20260724T214052Z-8da20af7,collect-pncp_contracts-20260724T214053Z-978b39a746,,pncp_supplier_contracts_agg,11118645000140,extra_universe_200km competitor aggregation 365d,competitors.csv / executive_summary.md,,extra_universe_200km,
competitor-48566347000122,competitor,Concorrente TELES SOLUÇÕES EMPRESARIAIS LTDA cnpj=48566347000122 n_contratos=1620 soma_valor_contratado=2860427.18 (soma_valor_contratado_nao_pago),pncp_contracts,col-extra-weekly-20260724T214052Z-8da20af7,collect-pncp_contracts-20260724T214053Z-978b39a746,,pncp_supplier_contracts_agg,48566347000122,extra_universe_200km competitor aggregation 365d,competitors.csv / executive_summary.md,,extra_universe_200km,
competitor-11145401000156,competitor,Concorrente L A DALLA PORTA JUNIOR LTDA cnpj=11145401000156 n_contratos=1525 soma_valor_contratado=3516141.33 (soma_valor_contratado_nao_pago),pncp_contracts,col-extra-weekly-20260724T214052Z-8da20af7,collect-pncp_contracts-20260724T214053Z-978b39a746,,pncp_supplier_contracts_agg,11145401000156,extra_universe_200km competitor aggregation 365d,competitors.csv / executive_summary.md,,extra_universe_200km,
competitor-79846465000118,competitor,Concorrente GOEDERT LTDA cnpj=79846465000118 n_contratos=1451 soma_valor_contratado=1496705.04 (soma_valor_contratado_nao_pago),pncp_contracts,col-extra-weekly-20260724T214052Z-8da20af7,collect-pncp_contracts-20260724T214053Z-978b39a746,,pncp_supplier_contracts_agg,79846465000118,extra_universe_200km competitor aggregation 365d,competitors.csv / executive_summary.md,,extra_universe_200km,
competitor-14066477000184,competitor,Concorrente RSUL LTDA cnpj=14066477000184 n_contratos=1401 soma_valor_contratado=1112154.97 (soma_valor_contratado_nao_pago),pncp_contracts,col-extra-weekly-20260724T214052Z-8da20af7,collect-pncp_contracts-20260724T214053Z-978b39a746,,pncp_supplier_contracts_agg,14066477000184,extra_universe_200km competitor aggregation 365d,competitors.csv / executive_summary.md,,extra_universe_200km,
competitor-19555146000121,competitor,Concorrente 2B DISTRIBUIDORA LTDA cnpj=19555146000121 n_contratos=1342 soma_valor_contratado=448377.34 (soma_valor_contratado_nao_pago),pncp_contracts,col-extra-weekly-20260724T214052Z-8da20af7,collect-pncp_contracts-20260724T214053Z-978b39a746,,pncp_supplier_contracts_agg,19555146000121,extra_universe_200km competitor aggregation 365d,competitors.csv / executive_summary.md,,extra_universe_200km,
competitor-54960622000190,competitor,Concorrente MOBILIA URBANA COMERCIO E SERVICOS LTDA cnpj=54960622000190 n_contratos=1214 soma_valor_contratado=5099475.00 (soma_valor_contratado_nao_pago),pncp_contracts,col-extra-weekly-20260724T214052Z-8da20af7,collect-pncp_contracts-20260724T214053Z-978b39a746,,pncp_supplier_contracts_agg,54960622000190,extra_universe_200km competitor aggregation 365d,competitors.csv / executive_summary.md,,extra_universe_200km,
competitor-44899803000103,competitor,Concorrente 3B COMERCIAL LTDA cnpj=44899803000103 n_contratos=1108 soma_valor_contratado=671943.99 (soma_valor_contratado_nao_pago),pncp_contracts,col-extra-weekly-20260724T214052Z-8da20af7,collect-pncp_contracts-20260724T214053Z-978b39a746,,pncp_supplier_contracts_agg,44899803000103,extra_universe_200km competitor aggregation 365d,competitors.csv / executive_summary.md,,extra_universe_200km,
competitor-83413591000318,competitor,Concorrente DICAPEL PAPEIS E EMBALAGENS LTDA cnpj=83413591000318 n_contratos=1106 soma_valor_contratado=5619793.15 (soma_valor_contratado_nao_pago),pncp_contracts,col-extra-weekly-20260724T214052Z-8da20af7,collect-pncp_contracts-20260724T214053Z-978b39a746,,pncp_supplier_contracts_agg,83413591000318,extra_universe_200km competitor aggregation 365d,competitors.csv / executive_summary.md,,extra_universe_200km,
competitor-51892897000146,competitor,Concorrente JT MEDICAMENTOS LTDA cnpj=51892897000146 n_contratos=1027 soma_valor_contratado=1656307.28 (soma_valor_contratado_nao_pago),pncp_contracts,col-extra-weekly-20260724T214052Z-8da20af7,collect-pncp_contracts-20260724T214053Z-978b39a746,,pncp_supplier_contracts_agg,51892897000146,extra_universe_200km competitor aggregation 365d,competitors.csv / executive_summary.md,,extra_universe_200km,
competitor-81706251000198,competitor,Concorrente PROMEFARMA MEDICAMENTOS E PRODUTOS HOSPITALARES LTDA cnpj=81706251000198 n_contratos=981 soma_valor_contratado=2419484.66 (soma_valor_contratado_nao_pago),pncp_contracts,col-extra-weekly-20260724T214052Z-8da20af7,collect-pncp_contracts-20260724T214053Z-978b39a746,,pncp_supplier_contracts_agg,81706251000198,extra_universe_200km competitor aggregation 365d,competitors.csv / executive_summary.md,,extra_universe_200km,
competitor-82997446000105,competitor,"Concorrente RS DISTRIBUIDORA E COMERCIO ATACADISTA DE ARTIGOS DE PAPELARIA, PRODUTOS DE HIGIENE E EMBALAGENS LTDA cnpj=82997446000105 n_contratos=968 soma_valor_contratado=799347.29 (soma_valor_contratado_nao_pago)",pncp_contracts,col-extra-weekly-20260724T214052Z-8da20af7,collect-pncp_contracts-20260724T214053Z-978b39a746,,pncp_supplier_contracts_agg,82997446000105,extra_universe_200km competitor aggregation 365d,competitors.csv / executive_summary.md,,extra_universe_200km,
competitor-44734671002286,competitor,Concorrente CRISTALIA PRODUTOS QUIMICOS FARMACEUTICOS LTDA cnpj=44734671002286 n_contratos=865 soma_valor_contratado=3989207.93 (soma_valor_contratado_nao_pago),pncp_contracts,col-extra-weekly-20260724T214052Z-8da20af7,collect-pncp_contracts-20260724T214053Z-978b39a746,,pncp_supplier_contracts_agg,44734671002286,extra_universe_200km competitor aggregation 365d,competitors.csv / executive_summary.md,,extra_universe_200km,
competitor-43877098000172,competitor,Concorrente CRIATIVA PAPELARIA E ARMARINHOS LTDA cnpj=43877098000172 n_contratos=861 soma_valor_contratado=1596671.60 (soma_valor_contratado_nao_pago),pncp_contracts,col-extra-weekly-20260724T214052Z-8da20af7,collect-pncp_contracts-20260724T214053Z-978b39a746,,pncp_supplier_contracts_agg,43877098000172,extra_universe_200km competitor aggregation 365d,competitors.csv / executive_summary.md,,extra_universe_200km,
competitor-31322368000108,competitor,Concorrente R.S. VAREJO LTDA cnpj=31322368000108 n_contratos=844 soma_valor_contratado=446858.03 (soma_valor_contratado_nao_pago),pncp_contracts,col-extra-weekly-20260724T214052Z-8da20af7,collect-pncp_contracts-20260724T214053Z-978b39a746,,pncp_supplier_contracts_agg,31322368000108,extra_universe_200km competitor aggregation 365d,competitors.csv / executive_summary.md,,extra_universe_200km,
competitor-36521392000262,competitor,Concorrente GO VENDAS ELETRONICAS LTDA cnpj=36521392000262 n_contratos=817 soma_valor_contratado=1450789.25 (soma_valor_contratado_nao_pago),pncp_contracts,col-extra-weekly-20260724T214052Z-8da20af7,collect-pncp_contracts-20260724T214053Z-978b39a746,,pncp_supplier_contracts_agg,36521392000262,extra_universe_200km competitor aggregation 365d,competitors.csv / executive_summary.md,,extra_universe_200km,
competitor-93920361000137,competitor,Concorrente REIFLEX INDUSTRIA E COMERCIO DE MOVEIS LTDA cnpj=93920361000137 n_contratos=804 soma_valor_contratado=2775400.60 (soma_valor_contratado_nao_pago),pncp_contracts,col-extra-weekly-20260724T214052Z-8da20af7,collect-pncp_contracts-20260724T214053Z-978b39a746,,pncp_supplier_contracts_agg,93920361000137,extra_universe_200km competitor aggregation 365d,competitors.csv / executive_summary.md,,extra_universe_200km,
competitor-39649812000106,competitor,Concorrente MC COMÉRCIO DE ALIMENTOS E TRANSPORTES LTDA cnpj=39649812000106 n_contratos=785 soma_valor_contratado=1340057.97 (soma_valor_contratado_nao_pago),pncp_contracts,col-extra-weekly-20260724T214052Z-8da20af7,collect-pncp_contracts-20260724T214053Z-978b39a746,,pncp_supplier_contracts_agg,39649812000106,extra_universe_200km competitor aggregation 365d,competitors.csv / executive_summary.md,,extra_universe_200km,
run-collect-pncp_opportunities-20260724T214053Z-f8742a1bfd,collection_run,Coleta pncp_opportunities terminal=partial obtained=0 persisted=0,pncp_opportunities,col-extra-weekly-20260724T214052Z-8da20af7,collect-pncp_opportunities-20260724T214053Z-f8742a1bfd,,pipeline_runs,collect-pncp_opportunities-20260724T214053Z-f8742a1bfd,scripts.collect.run_contract,manifest.json,,,
run-collect-pncp_contracts-20260724T214053Z-978b39a746,collection_run,Coleta pncp_contracts terminal=reused_fresh obtained=4437142 persisted=4437142,pncp_contracts,col-extra-weekly-20260724T214052Z-8da20af7,collect-pncp_contracts-20260724T214053Z-978b39a746,,pipeline_runs,collect-pncp_contracts-20260724T214053Z-978b39a746,scripts.collect.run_contract,manifest.json,,,
fresh-pncp_opportunities,freshness,Freshness pncp_opportunities=never age_hours=None sla=24,pncp_opportunities,col-extra-weekly-20260724T214052Z-8da20af7,,,,,freshness_source,source_health.csv / executive_summary.md,,,freshness_source
fresh-pncp_contracts,freshness,Freshness pncp_contracts=fresh age_hours=25.86 sla=168,pncp_contracts,col-extra-weekly-20260724T214052Z-8da20af7,,,,,freshness_source,source_health.csv / executive_summary.md,,,freshness_source
