contrato_id,orgao_cnpj,orgao_nome,fornecedor_cnpj,fornecedor_nome,objeto_contrato,valor_total,data_inicio,data_fim,data_publicacao,uf,municipio,source,source_id,ingested_at,source_date_semantics,orgao_cnpj_8,valor_tipo,valor_nao_e_pago,valor_note,cycle_collection_id,cycle_run_id,source_record_run_id,source_record_id,scope,normalized_table
82836057000190-2-001020/2026,82836057000190,MUNICÍPIO DE GAROPABA,02248312000144,CEPALAB LABORATORIOS S.A,"TIRAS, DISPOSITIVOS E INSUMOS PARA CONTROLE GLICÊMICO - LEI 14.133/2021",13320.00,2026-07-22,2026-08-07,2026-07-23,SC,Garopaba,pncp_contracts,82836057000190-2-001020/2026,2026-07-23 18:41:38.128232+00:00,dataPublicacaoPncp,82836057,valor_contratado,True,valor_total é contratado/homologado na fonte — não pagar/medido,col-extra-weekly-20260724T220411Z-71efe758,collect-pncp_contracts-20260724T220413Z-d4f8aa5d3b,,82836057000190-2-001020/2026,extra_universe_200km,pncp_supplier_contracts
83102343000194-2-002449/2026,83102343000194,MUNICÍPIO DE BRUSQUE,29222667000110,SK MATERIAIS PARA ESCRITORIO LTDA,"MATERIAIS DE EXPEDIENTE, ESCOLAR E DE ARTESANATO - LEI 14.133/2021",135.90,2026-07-22,2026-08-07,2026-07-23,SC,Brusque,pncp_contracts,83102343000194-2-002449/2026,2026-07-23 18:41:19.956818+00:00,dataPublicacaoPncp,83102343,valor_contratado,True,valor_total é contratado/homologado na fonte — não pagar/medido,col-extra-weekly-20260724T220411Z-71efe758,collect-pncp_contracts-20260724T220413Z-d4f8aa5d3b,,83102343000194-2-002449/2026,extra_universe_200km,pncp_supplier_contracts
82836057000190-2-001016/2026,82836057000190,MUNICÍPIO DE GAROPABA,03612312000497,NUTRIPORT COMERCIAL LTDA,FÓRMULAS E SUPLEMENTOS ALIMENTARES - LEI 14.133/2021,23223.80,2026-07-22,2026-08-07,2026-07-23,SC,Garopaba,pncp_contracts,82836057000190-2-001016/2026,2026-07-23 18:41:19.956818+00:00,dataPublicacaoPncp,82836057,valor_contratado,True,valor_total é contratado/homologado na fonte — não pagar/medido,col-extra-weekly-20260724T220411Z-71efe758,collect-pncp_contracts-20260724T220413Z-d4f8aa5d3b,,82836057000190-2-001016/2026,extra_universe_200km,pncp_supplier_contracts
82836057000190-2-001019/2026,82836057000190,MUNICÍPIO DE GAROPABA,39655478000195,SEBOLD INDÚSTRIA DE COSMÉTICOS LTDA,PRODUTOS DE HIGIENE E USO PESSOAL - LEI 14.133/2021,176.32,2026-07-22,2026-08-07,2026-07-23,SC,Garopaba,pncp_contracts,82836057000190-2-001019/2026,2026-07-23 18:41:38.128232+00:00,dataPublicacaoPncp,82836057,valor_contratado,True,valor_total é contratado/homologado na fonte — não pagar/medido,col-extra-weekly-20260724T220411Z-71efe758,collect-pncp_contracts-20260724T220413Z-d4f8aa5d3b,,82836057000190-2-001019/2026,extra_universe_200km,pncp_supplier_contracts
95815379000102-2-000475/2026,95815379000102,MUNICÍPIO DE BOMBINHAS,46449285000143,MYR COMERCIO DE ARTIGOS PEDAGOGICOS LTDA,MATERIAIS ESPORTIVOS - LEI 14.133/2021,440.00,2026-07-20,2026-08-22,2026-07-23,SC,Bombinhas,pncp_contracts,95815379000102-2-000475/2026,2026-07-23 18:41:19.956818+00:00,dataPublicacaoPncp,95815379,valor_contratado,True,valor_total é contratado/homologado na fonte — não pagar/medido,col-extra-weekly-20260724T220411Z-71efe758,collect-pncp_contracts-20260724T220413Z-d4f8aa5d3b,,95815379000102-2-000475/2026,extra_universe_200km,pncp_supplier_contracts
83102343000194-2-002448/2026,83102343000194,MUNICÍPIO DE BRUSQUE,07752236000123,MEDILAR IMPORTACAO E DISTRIBUICAO DE PRODUTOS MEDICO HOSPITALARES S/A,"MEDICAMENTOS, SUPLEMENTOS ALIMENTARES E CORRELATOS - LEI 14.133/2021",5279.94,2026-07-22,2026-08-07,2026-07-23,SC,Brusque,pncp_contracts,83102343000194-2-002448/2026,2026-07-23 18:41:19.956818+00:00,dataPublicacaoPncp,83102343,valor_contratado,True,valor_total é contratado/homologado na fonte — não pagar/medido,col-extra-weekly-20260724T220411Z-71efe758,collect-pncp_contracts-20260724T220413Z-d4f8aa5d3b,,83102343000194-2-002448/2026,extra_universe_200km,pncp_supplier_contracts
64372423000115-2-000003/2026,64372423000115,Servico Autonomo Municipal de Agua e Esgoto - Samae,04310564000181,CIEE/SC-CENTRO DE INT. EMPRESA-ESCOLA DE SC,"Dispensa de licitação referente à contratação de empresa especializada na prestação de serviços de administração, na condição de Agente de Integração, para operacionalização do Programa de Concessão de Vagas de Estágio Remunerado do Serviço Autônomo Municipal de Água e Esgoto - SAMAE de Porto Belo, destinado a estudantes regularmente matriculados e frequentando o Ensino Médio, Ensino Técnico e Ensino Superior.",1847.40,2026-07-23,2027-07-23,2026-07-23,SC,Porto Belo,pncp_contracts,64372423000115-2-000003/2026,2026-07-23 18:41:49.620766+00:00,dataPublicacaoPncp,64372423,valor_contratado,True,valor_total é contratado/homologado na fonte — não pagar/medido,col-extra-weekly-20260724T220411Z-71efe758,collect-pncp_contracts-20260724T220413Z-d4f8aa5d3b,,64372423000115-2-000003/2026,extra_universe_200km,pncp_supplier_contracts
82836057000190-2-001015/2026,82836057000190,MUNICÍPIO DE GAROPABA,03612312000497,NUTRIPORT COMERCIAL LTDA,FÓRMULAS E SUPLEMENTOS ALIMENTARES - LEI 14.133/2021,1713.00,2026-07-22,2026-08-07,2026-07-23,SC,Garopaba,pncp_contracts,82836057000190-2-001015/2026,2026-07-23 18:41:19.956818+00:00,dataPublicacaoPncp,82836057,valor_contratado,True,valor_total é contratado/homologado na fonte — não pagar/medido,col-extra-weekly-20260724T220411Z-71efe758,collect-pncp_contracts-20260724T220413Z-d4f8aa5d3b,,82836057000190-2-001015/2026,extra_universe_200km,pncp_supplier_contracts
82836057000190-2-001017/2026,82836057000190,MUNICÍPIO DE GAROPABA,03612312000497,NUTRIPORT COMERCIAL LTDA,FÓRMULAS E SUPLEMENTOS ALIMENTARES - LEI 14.133/2021,1142.00,2026-07-22,2026-08-07,2026-07-23,SC,Garopaba,pncp_contracts,82836057000190-2-001017/2026,2026-07-23 18:41:19.956818+00:00,dataPublicacaoPncp,82836057,valor_contratado,True,valor_total é contratado/homologado na fonte — não pagar/medido,col-extra-weekly-20260724T220411Z-71efe758,collect-pncp_contracts-20260724T220413Z-d4f8aa5d3b,,82836057000190-2-001017/2026,extra_universe_200km,pncp_supplier_contracts
82836057000190-2-001018/2026,82836057000190,MUNICÍPIO DE GAROPABA,93920361000137,REIFLEX INDUSTRIA E COMERCIO DE MOVEIS LTDA,CADEIRAS PARA ESCRITÓRIO E LONGARINAS - LEI 14.133/2021 (RENOVADO),1408.00,2026-07-22,2026-08-22,2026-07-23,SC,Garopaba,pncp_contracts,82836057000190-2-001018/2026,2026-07-23 18:41:19.956818+00:00,dataPublicacaoPncp,82836057,valor_contratado,True,valor_total é contratado/homologado na fonte — não pagar/medido,col-extra-weekly-20260724T220411Z-71efe758,collect-pncp_contracts-20260724T220413Z-d4f8aa5d3b,,82836057000190-2-001018/2026,extra_universe_200km,pncp_supplier_contracts
82836057000190-2-001022/2026,82836057000190,MUNICÍPIO DE GAROPABA,40738368000176,GAMBA CONEXOES COMERCIO ATACADISTA DE ALIMENTOS LTDA,CAFÉS - LEI 14.133/2021,397.60,2026-07-23,2026-08-07,2026-07-23,SC,Garopaba,pncp_contracts,82836057000190-2-001022/2026,2026-07-23 18:41:42.240498+00:00,dataPublicacaoPncp,82836057,valor_contratado,True,valor_total é contratado/homologado na fonte — não pagar/medido,col-extra-weekly-20260724T220411Z-71efe758,collect-pncp_contracts-20260724T220413Z-d4f8aa5d3b,,82836057000190-2-001022/2026,extra_universe_200km,pncp_supplier_contracts
82836057000190-2-001024/2026,82836057000190,MUNICÍPIO DE GAROPABA,52996455000102,ELEVATE UTILIDADES LTDA,MATERIAIS PARA HIGIENIZAÇÃO E LIMPEZA - LEI 14.133/2021,155.56,2026-07-23,2026-08-07,2026-07-23,SC,Garopaba,pncp_contracts,82836057000190-2-001024/2026,2026-07-23 18:41:49.620766+00:00,dataPublicacaoPncp,82836057,valor_contratado,True,valor_total é contratado/homologado na fonte — não pagar/medido,col-extra-weekly-20260724T220411Z-71efe758,collect-pncp_contracts-20260724T220413Z-d4f8aa5d3b,,82836057000190-2-001024/2026,extra_universe_200km,pncp_supplier_contracts
95815379000102-2-000476/2026,95815379000102,MUNICÍPIO DE BOMBINHAS,46449285000143,MYR COMERCIO DE ARTIGOS PEDAGOGICOS LTDA,MATERIAIS ESPORTIVOS - LEI 14.133/2021,124.50,2026-07-20,2026-08-22,2026-07-23,SC,Bombinhas,pncp_contracts,95815379000102-2-000476/2026,2026-07-23 18:41:19.956818+00:00,dataPublicacaoPncp,95815379,valor_contratado,True,valor_total é contratado/homologado na fonte — não pagar/medido,col-extra-weekly-20260724T220411Z-71efe758,collect-pncp_contracts-20260724T220413Z-d4f8aa5d3b,,95815379000102-2-000476/2026,extra_universe_200km,pncp_supplier_contracts
83102343000194-2-002447/2026,83102343000194,MUNICÍPIO DE BRUSQUE,07752236000123,MEDILAR IMPORTACAO E DISTRIBUICAO DE PRODUTOS MEDICO HOSPITALARES S/A,"MEDICAMENTOS, SUPLEMENTOS ALIMENTARES E CORRELATOS - LEI 14.133/2021",5664.00,2026-07-22,2026-08-07,2026-07-23,SC,Brusque,pncp_contracts,83102343000194-2-002447/2026,2026-07-23 18:41:19.956818+00:00,dataPublicacaoPncp,83102343,valor_contratado,True,valor_total é contratado/homologado na fonte — não pagar/medido,col-extra-weekly-20260724T220411Z-71efe758,collect-pncp_contracts-20260724T220413Z-d4f8aa5d3b,,83102343000194-2-002447/2026,extra_universe_200km,pncp_supplier_contracts
82845744000171-2-000523/2026,82845744000171,MUNICÍPIO DE MAJOR GERCINO,45747626000102,OTHALA COMERCIO LTDA,"MATERIAIS DE EXPEDIENTE, ESCOLAR E DE ARTESANATO - LEI 14.133/2021",65.64,2026-07-22,2026-08-07,2026-07-23,SC,Major Gercino,pncp_contracts,82845744000171-2-000523/2026,2026-07-23 18:41:19.956818+00:00,dataPublicacaoPncp,82845744,valor_contratado,True,valor_total é contratado/homologado na fonte — não pagar/medido,col-extra-weekly-20260724T220411Z-71efe758,collect-pncp_contracts-20260724T220413Z-d4f8aa5d3b,,82845744000171-2-000523/2026,extra_universe_200km,pncp_supplier_contracts
83102772000161-2-000297/2026,83102772000161,MUNICÍPIO DE ASCURRA,80047087000191,CIG COMERCIO DE EMBALAGENS - EIRELI,PRODUTOS SANEANTES - LEI 14.133/2021,584.00,2026-07-22,2026-08-07,2026-07-23,SC,Ascurra,pncp_contracts,83102772000161-2-000297/2026,2026-07-23 18:41:24.950818+00:00,dataPublicacaoPncp,83102772,valor_contratado,True,valor_total é contratado/homologado na fonte — não pagar/medido,col-extra-weekly-20260724T220411Z-71efe758,collect-pncp_contracts-20260724T220413Z-d4f8aa5d3b,,83102772000161-2-000297/2026,extra_universe_200km,pncp_supplier_contracts
82575812000120-2-000841/2026,82575812000120,MUNICÍPIO DE PORTO BELO,13965228000168,JLM DISTRIBUIDORA BR LTDA,PAPÉIS PARA HIGIENE PESSOAL E USO DOMÉSTICO - LEI 14.133/2021,6420.00,2026-07-22,2026-08-07,2026-07-23,SC,Porto Belo,pncp_contracts,82575812000120-2-000841/2026,2026-07-23 18:41:19.956818+00:00,dataPublicacaoPncp,82575812,valor_contratado,True,valor_total é contratado/homologado na fonte — não pagar/medido,col-extra-weekly-20260724T220411Z-71efe758,collect-pncp_contracts-20260724T220413Z-d4f8aa5d3b,,82575812000120-2-000841/2026,extra_universe_200km,pncp_supplier_contracts
82836057000190-2-001014/2026,82836057000190,MUNICÍPIO DE GAROPABA,03612312000497,NUTRIPORT COMERCIAL LTDA,FÓRMULAS E SUPLEMENTOS ALIMENTARES - LEI 14.133/2021,1797.75,2026-07-22,2026-08-07,2026-07-23,SC,Garopaba,pncp_contracts,82836057000190-2-001014/2026,2026-07-23 18:41:19.956818+00:00,dataPublicacaoPncp,82836057,valor_contratado,True,valor_total é contratado/homologado na fonte — não pagar/medido,col-extra-weekly-20260724T220411Z-71efe758,collect-pncp_contracts-20260724T220413Z-d4f8aa5d3b,,82836057000190-2-001014/2026,extra_universe_200km,pncp_supplier_contracts
82845744000171-2-000524/2026,82845744000171,MUNICÍPIO DE MAJOR GERCINO,31810636000122,EMMA INDÚSTRIA E COMÉRCIO DE MÓVEIS LTDA,MÓVEIS PARA ESCRITÓRIO - LEI 14.133/2021,700.00,2026-07-22,2026-08-22,2026-07-23,SC,Major Gercino,pncp_contracts,82845744000171-2-000524/2026,2026-07-23 18:41:38.128232+00:00,dataPublicacaoPncp,82845744,valor_contratado,True,valor_total é contratado/homologado na fonte — não pagar/medido,col-extra-weekly-20260724T220411Z-71efe758,collect-pncp_contracts-20260724T220413Z-d4f8aa5d3b,,82845744000171-2-000524/2026,extra_universe_200km,pncp_supplier_contracts
82845744000171-2-000525/2026,82845744000171,MUNICÍPIO DE MAJOR GERCINO,76291251000134,MODILAC INDUSTRIA E COMERCIO DE MOVEIS LTDA,MÓVEIS PARA ESCRITÓRIO - LEI 14.133/2021,1105.00,2026-07-22,2026-08-22,2026-07-23,SC,Major Gercino,pncp_contracts,82845744000171-2-000525/2026,2026-07-23 18:41:49.620766+00:00,dataPublicacaoPncp,82845744,valor_contratado,True,valor_total é contratado/homologado na fonte — não pagar/medido,col-extra-weekly-20260724T220411Z-71efe758,collect-pncp_contracts-20260724T220413Z-d4f8aa5d3b,,82845744000171-2-000525/2026,extra_universe_200km,pncp_supplier_contracts
82892324000146-2-000461/2026,82892324000146,MUNICÍPIO DE SANTO AMARO DA IMPERATRIZ,25341162000114,"MEGA DENTAL IMPORTACAO, EXPORTACAO E COMERCIO DE PRODUTOS ODONTOLOGICOS LTDA",MATERIAIS ODONTOLÓGICOS E CORRELATOS - LEI 14.133/2021,267.00,2026-07-20,2026-08-07,2026-07-23,SC,Santo Amaro da Imperatriz,pncp_contracts,82892324000146-2-000461/2026,2026-07-23 18:41:33.186279+00:00,dataPublicacaoPncp,82892324,valor_contratado,True,valor_total é contratado/homologado na fonte — não pagar/medido,col-extra-weekly-20260724T220411Z-71efe758,collect-pncp_contracts-20260724T220413Z-d4f8aa5d3b,,82892324000146-2-000461/2026,extra_universe_200km,pncp_supplier_contracts
74047341000159-2-000047/2026,74047341000159,SERVICO AUTONOMO MUNICIPAL DE AGUA E ESGOTO DE GOVERNADOR CELSO RAMOS,51892897000146,JT MEDICAMENTOS LTDA,ÁLCOOL EM GEL E LÍQUIDO  - LEI 14.133/2021,161.70,2026-07-23,2026-08-07,2026-07-23,SC,Governador Celso Ramos,pncp_contracts,74047341000159-2-000047/2026,2026-07-23 18:41:42.240498+00:00,dataPublicacaoPncp,74047341,valor_contratado,True,valor_total é contratado/homologado na fonte — não pagar/medido,col-extra-weekly-20260724T220411Z-71efe758,collect-pncp_contracts-20260724T220413Z-d4f8aa5d3b,,74047341000159-2-000047/2026,extra_universe_200km,pncp_supplier_contracts
82951195000110-2-000456/2026,82951195000110,MUNICÍPIO DE ANGELINA,24706364000150,SAVANA COMERCIO DE VEICULOS LTDA,CAMINHÃO CAÇAMBA E CAMINHÃO CHASSI - LEI 14.133/2021 (RENOVADO),624077.00,2026-07-22,2026-11-20,2026-07-23,SC,Angelina,pncp_contracts,82951195000110-2-000456/2026,2026-07-23 18:41:45.814486+00:00,dataPublicacaoPncp,82951195,valor_contratado,True,valor_total é contratado/homologado na fonte — não pagar/medido,col-extra-weekly-20260724T220411Z-71efe758,collect-pncp_contracts-20260724T220413Z-d4f8aa5d3b,,82951195000110-2-000456/2026,extra_universe_200km,pncp_supplier_contracts
82836057000190-2-001021/2026,82836057000190,MUNICÍPIO DE GAROPABA,19633424000111,PLANALTO COMERCIO E TRANSPORTES DE ALIMENTOS LTDA,AÇÚCARES E ADOÇANTES - LEI 14.133/2021 (RENOVADO),209.50,2026-07-23,2026-08-07,2026-07-23,SC,Garopaba,pncp_contracts,82836057000190-2-001021/2026,2026-07-23 18:41:42.240498+00:00,dataPublicacaoPncp,82836057,valor_contratado,True,valor_total é contratado/homologado na fonte — não pagar/medido,col-extra-weekly-20260724T220411Z-71efe758,collect-pncp_contracts-20260724T220413Z-d4f8aa5d3b,,82836057000190-2-001021/2026,extra_universe_200km,pncp_supplier_contracts
81286254000110-2-000164/2026,81286254000110,FUNDAÇÃO HOSPITALAR MUNICIPAL DE CANELINHA,03652030000332,CENTERMEDI-COMERCIO DE PRODUTOS HOSPITALARES LTDA,MATERIAIS AMBULATORIAIS E INSUMOS HOSPITALARES - LEI 14.133/2021,868.00,2026-07-23,2026-08-07,2026-07-23,SC,Canelinha,pncp_contracts,81286254000110-2-000164/2026,2026-07-23 18:41:42.240498+00:00,dataPublicacaoPncp,81286254,valor_contratado,True,valor_total é contratado/homologado na fonte — não pagar/medido,col-extra-weekly-20260724T220411Z-71efe758,collect-pncp_contracts-20260724T220413Z-d4f8aa5d3b,,81286254000110-2-000164/2026,extra_universe_200km,pncp_supplier_contracts
82836057000190-2-001023/2026,82836057000190,MUNICÍPIO DE GAROPABA,39649812000106,MC COMÉRCIO DE ALIMENTOS E TRANSPORTES LTDA,ALIMENTOS NÃO PERECÍVEIS E CORRELATOS - LEI 14.133/2021,296.00,2026-07-23,2026-08-07,2026-07-23,SC,Garopaba,pncp_contracts,82836057000190-2-001023/2026,2026-07-23 18:41:42.240498+00:00,dataPublicacaoPncp,82836057,valor_contratado,True,valor_total é contratado/homologado na fonte — não pagar/medido,col-extra-weekly-20260724T220411Z-71efe758,collect-pncp_contracts-20260724T220413Z-d4f8aa5d3b,,82836057000190-2-001023/2026,extra_universe_200km,pncp_supplier_contracts
82892357000196-2-000349/2026,82892357000196,MUNICÍPIO DE RANCHO QUEIMADO,39434226000136,CLEANLURB PRODUTOS & SERVICOS LTDA,MATERIAIS PARA HIGIENIZAÇÃO E LIMPEZA - LEI 14.133/2021,1137.35,2026-07-22,2026-08-07,2026-07-23,SC,Rancho Queimado,pncp_contracts,82892357000196-2-000349/2026,2026-07-23 18:41:38.128232+00:00,dataPublicacaoPncp,82892357,valor_contratado,True,valor_total é contratado/homologado na fonte — não pagar/medido,col-extra-weekly-20260724T220411Z-71efe758,collect-pncp_contracts-20260724T220413Z-d4f8aa5d3b,,82892357000196-2-000349/2026,extra_universe_200km,pncp_supplier_contracts
82892357000196-2-000348/2026,82892357000196,MUNICÍPIO DE RANCHO QUEIMADO,31810636000122,EMMA INDÚSTRIA E COMÉRCIO DE MÓVEIS LTDA,MÓVEIS PARA ESCRITÓRIO - LEI 14.133/2021,700.00,2026-07-22,2026-08-22,2026-07-23,SC,Rancho Queimado,pncp_contracts,82892357000196-2-000348/2026,2026-07-23 18:41:38.128232+00:00,dataPublicacaoPncp,82892357,valor_contratado,True,valor_total é contratado/homologado na fonte — não pagar/medido,col-extra-weekly-20260724T220411Z-71efe758,collect-pncp_contracts-20260724T220413Z-d4f8aa5d3b,,82892357000196-2-000348/2026,extra_universe_200km,pncp_supplier_contracts
95815379000102-2-000477/2026,95815379000102,MUNICÍPIO DE BOMBINHAS,46449285000143,MYR COMERCIO DE ARTIGOS PEDAGOGICOS LTDA,MATERIAIS ESPORTIVOS - LEI 14.133/2021,132.00,2026-07-20,2026-08-22,2026-07-23,SC,Bombinhas,pncp_contracts,95815379000102-2-000477/2026,2026-07-23 18:41:19.956818+00:00,dataPublicacaoPncp,95815379,valor_contratado,True,valor_total é contratado/homologado na fonte — não pagar/medido,col-extra-weekly-20260724T220411Z-71efe758,collect-pncp_contracts-20260724T220413Z-d4f8aa5d3b,,95815379000102-2-000477/2026,extra_universe_200km,pncp_supplier_contracts
83102343000194-2-002450/2026,83102343000194,MUNICÍPIO DE BRUSQUE,29222667000110,SK MATERIAIS PARA ESCRITORIO LTDA,"MATERIAIS DE EXPEDIENTE, ESCOLAR E DE ARTESANATO - LEI 14.133/2021",135.90,2026-07-22,2026-08-07,2026-07-23,SC,Brusque,pncp_contracts,83102343000194-2-002450/2026,2026-07-23 18:41:19.956818+00:00,dataPublicacaoPncp,83102343,valor_contratado,True,valor_total é contratado/homologado na fonte — não pagar/medido,col-extra-weekly-20260724T220411Z-71efe758,collect-pncp_contracts-20260724T220413Z-d4f8aa5d3b,,83102343000194-2-002450/2026,extra_universe_200km,pncp_supplier_contracts
