aderencia,aditivos_aplicados,confianca,contratado,contratado_cnpj,in_window,inicio,limitacoes,objeto,orgao,relicitacao,sector_classification,segmento,termino_efetivo,termino_fonte,termino_tipo,termino_verificado_em,valor,valor_semantica
ENGINEERING_HIGH_CONFIDENCE,[],BAIXA,CONSORCIO HABITANK NAVEGANTES,63077604000156,True,2025-10-23,"[""Sem modelo validado retrospectivamente"", ""Sinais não são probabilidade""]","CONCORRÊCIA ELETRÔNICA VISANDO A CONTRATAÇÃO DE EMPRESA ESPECIALIZADA PARA FORNECIMENTO E INSTALAÇÃO DE RESERVATÓRIO METÁLICO DE 6.000 m³ NO BAIRRO SÃO DOMINGOS, PARA ATENDER AS NECESSIDADES DA SECRETARIA MUNICIPAL DE ÁGUA E SANEAMENTO BÁSICO DE NAVEGANTES/SC.",PREFEITURA MUNICIPAL DE NAVEGANTES,"{""mode"": ""EVIDENCE_CLASS"", ""methodology"": ""sinais observáveis (histórico de re-licitação do órgão, objeto recorrente, aditivos próximos do fim); NÃO percentual fabricado"", ""signals"": [], ""probability_pct"": null, ""confidence"": ""BAIXA"", ""limitations"": [""Sem modelo validado retrospectivamente"", ""Sinais não são probabilidade""], ""fabricated_percent_forbidden"": true}","{""label"": ""ENGINEERING_HIGH_CONFIDENCE"", ""positive_terms"": [""saneamento""], ""negative_terms"": [], ""excluded_terms"": [], ""category"": ""infraestrutura"", ""subcategory"": ""saneamento"", ""reason"": ""objeto de engenharia aderente (pos=0.40)"", ""confidence"": 0.75, ""textual_evidence"": ""CONCORRÊCIA ELETRÔNICA VISANDO A CONTRATAÇÃO DE EMPRESA ESPECIALIZADA PARA FORNECIMENTO E INSTALAÇÃO DE RESERVATÓRIO METÁLICO DE 6.000 m³ NO BAIRRO SÃO DOMINGOS, PARA ATENDER AS NECESSIDADES DA SECRETARIA MUNICIPAL DE ÁGUA E SANEAMENTO BÁSICO DE NAVEGANTES/SC."", ""rule_version"": ""extra-sector-classifier/2.2.0"", ""sector_match"": true}",saneamento,2026-10-23,pncp_supplier_contracts,CONTRATUAL,2026-07-23,10407000.0,CONTRATADO
ENGINEERING_HIGH_CONFIDENCE,[],BAIXA,VB CONSTRUÇÃO CIVIL LTDA,08628996000196,True,2025-10-23,"[""Sem modelo validado retrospectivamente"", ""Sinais não são probabilidade""]","CONTRATAÇÃO DE EMPRESA ESPECIALIZADA PARA A EXECUÇÃO DOS SERVIÇOS DE CONSTRUÇÃO DE CRECHE EM TEMPO INTEGRAL PADRÃO FNDE – TIPO 01, SITUADA NA RUA LEOLÁRIO DE ARAÚJO S/Nº, BAIRRO CENTRO, ILHOTA/SC. A INTERVENÇÃO ABRANGE UMA ÁREA A CONSTRUIR DE 1.514,30M², conforme termo de referência.",Unidade Única,"{""mode"": ""EVIDENCE_CLASS"", ""methodology"": ""sinais observáveis (histórico de re-licitação do órgão, objeto recorrente, aditivos próximos do fim); NÃO percentual fabricado"", ""signals"": [], ""probability_pct"": null, ""confidence"": ""BAIXA"", ""limitations"": [""Sem modelo validado retrospectivamente"", ""Sinais não são probabilidade""], ""fabricated_percent_forbidden"": true}","{""label"": ""ENGINEERING_HIGH_CONFIDENCE"", ""positive_terms"": [""construcao_edificios""], ""negative_terms"": [], ""excluded_terms"": [], ""category"": ""edificacoes"", ""subcategory"": ""edificacoes"", ""reason"": ""objeto de engenharia aderente (pos=0.45)"", ""confidence"": 0.7625000000000001, ""textual_evidence"": ""CONTRATAÇÃO DE EMPRESA ESPECIALIZADA PARA A EXECUÇÃO DOS SERVIÇOS DE CONSTRUÇÃO DE CRECHE EM TEMPO INTEGRAL PADRÃO FNDE – TIPO 01, SITUADA NA RUA LEOLÁRIO DE ARAÚJO S/Nº, BAIRRO CENTRO, ILHOTA/SC. A INTERVENÇÃO ABRANGE UMA ÁREA A CONSTRUIR DE 1.514,30M², conforme termo de referên…"", ""rule_version"": ""extra-sector-classifier/2.2.0"", ""sector_match"": true}",edificacoes,2026-10-23,pncp_supplier_contracts,CONTRATUAL,2026-07-23,6542169.18,CONTRATADO
ENGINEERING_HIGH_CONFIDENCE,[],BAIXA,GAIA RODOVIAS LTDA.,03257777000124,True,2026-06-25,"[""Sem modelo validado retrospectivamente"", ""Sinais não são probabilidade""]",CONTRATAÇÃO DE EMPRESA ESPECIALIZADA PARA EXECUÇÃO DE PAVIMENTAÇÃO ASFÁLTICA E SERVIÇOS COMPLEMENTARES EM DIVERSAS RUAS DO MUNICÍPIO DE PALMITOS/SC,PREFEITURA MUNICIPAL DE PALMITOS - SC,"{""mode"": ""EVIDENCE_CLASS"", ""methodology"": ""sinais observáveis (histórico de re-licitação do órgão, objeto recorrente, aditivos próximos do fim); NÃO percentual fabricado"", ""signals"": [], ""probability_pct"": null, ""confidence"": ""BAIXA"", ""limitations"": [""Sem modelo validado retrospectivamente"", ""Sinais não são probabilidade""], ""fabricated_percent_forbidden"": true}","{""label"": ""ENGINEERING_HIGH_CONFIDENCE"", ""positive_terms"": [""pavimentacao"", ""asfalto""], ""negative_terms"": [], ""excluded_terms"": [], ""category"": ""infraestrutura"", ""subcategory"": ""pavimentacao"", ""reason"": ""objeto de engenharia aderente (pos=0.85)"", ""confidence"": 0.8625, ""textual_evidence"": ""CONTRATAÇÃO DE EMPRESA ESPECIALIZADA PARA EXECUÇÃO DE PAVIMENTAÇÃO ASFÁLTICA E SERVIÇOS COMPLEMENTARES EM DIVERSAS RUAS DO MUNICÍPIO DE PALMITOS/SC"", ""rule_version"": ""extra-sector-classifier/2.2.0"", ""sector_match"": true}",pavimentacao,2026-10-23,pncp_supplier_contracts,CONTRATUAL,2026-07-23,1411572.0,CONTRATADO
ENGINEERING_HIGH_CONFIDENCE,[],BAIXA,PRO ENG CONSTRUTORA LTDA,31281510000108,True,2026-06-24,"[""Sem modelo validado retrospectivamente"", ""Sinais não são probabilidade""]",PAVIMENTAÇÃO DA ESTRADA SANTO ANJO (TRECHO II) DO MUNICÍPIO DE MASSARANDUBA (SC),Gerência de Obras e Serviços Urbanos do Município de Massaranduba -SC,"{""mode"": ""EVIDENCE_CLASS"", ""methodology"": ""sinais observáveis (histórico de re-licitação do órgão, objeto recorrente, aditivos próximos do fim); NÃO percentual fabricado"", ""signals"": [], ""probability_pct"": null, ""confidence"": ""BAIXA"", ""limitations"": [""Sem modelo validado retrospectivamente"", ""Sinais não são probabilidade""], ""fabricated_percent_forbidden"": true}","{""label"": ""ENGINEERING_HIGH_CONFIDENCE"", ""positive_terms"": [""pavimentacao""], ""negative_terms"": [], ""excluded_terms"": [], ""category"": ""infraestrutura"", ""subcategory"": ""pavimentacao"", ""reason"": ""objeto de engenharia aderente (pos=0.45)"", ""confidence"": 0.7625000000000001, ""textual_evidence"": ""PAVIMENTAÇÃO DA ESTRADA SANTO ANJO (TRECHO II) DO MUNICÍPIO DE MASSARANDUBA (SC)"", ""rule_version"": ""extra-sector-classifier/2.2.0"", ""sector_match"": true}",pavimentacao,2026-10-23,pncp_supplier_contracts,CONTRATUAL,2026-07-23,989900.0,CONTRATADO
ENGINEERING_HIGH_CONFIDENCE,[],BAIXA,EMBRAPAV - EMPRESA BRASILEIRA DE PAVIMENTACAO LTDA,12022153000119,True,2025-10-23,"[""Sem modelo validado retrospectivamente"", ""Sinais não são probabilidade""]","Contratação de empresa especializada, com fornecimento de materiais, mão de obra, equipamentos e insumos, para execução de obra de pavimentação asfáltica com concreto betuminoso usinado a quente (CBUQ), incluindo serviços de terraplenagem, base e sub-base, drenagem pluvial, meio-fio, sarjetas e sinalização viária na Rua Antonio Zancanaro, no Município de Xaxim-SC, conforme projeto técnico, memorial descritivo, planilha orçamentária e cronograma físico-financeiro.",PREFEITURA MUNICIPAL DE XAXIM - SC,"{""mode"": ""EVIDENCE_CLASS"", ""methodology"": ""sinais observáveis (histórico de re-licitação do órgão, objeto recorrente, aditivos próximos do fim); NÃO percentual fabricado"", ""signals"": [], ""probability_pct"": null, ""confidence"": ""BAIXA"", ""limitations"": [""Sem modelo validado retrospectivamente"", ""Sinais não são probabilidade""], ""fabricated_percent_forbidden"": true}","{""label"": ""ENGINEERING_HIGH_CONFIDENCE"", ""positive_terms"": [""terraplenagem"", ""pavimentacao"", ""asfalto"", ""drenagem""], ""negative_terms"": [], ""excluded_terms"": [], ""category"": ""infraestrutura"", ""subcategory"": ""terraplenagem"", ""reason"": ""objeto de engenharia aderente (pos=1.72)"", ""confidence"": 0.99, ""textual_evidence"": ""Contratação de empresa especializada, com fornecimento de materiais, mão de obra, equipamentos e insumos, para execução de obra de pavimentação asfáltica com concreto betuminoso usinado a quente (CBUQ), incluindo serviços de terraplenagem, base e sub-base, drenagem pluvial, meio-…"", ""rule_version"": ""extra-sector-classifier/2.2.0"", ""sector_match"": true}",terraplenagem,2026-10-23,pncp_supplier_contracts,CONTRATUAL,2026-07-23,835000.0,CONTRATADO
ENGINEERING_HIGH_CONFIDENCE,[],BAIXA,JC CONSTRUÇÕES E PAVIMENTAÇÕES LTDA EPP,05898011000154,True,2026-05-26,"[""Sem modelo validado retrospectivamente"", ""Sinais não são probabilidade""]","Contratação de empresa especializada para execução de obras de pavimentação intertravada, drenagem pluvial e sinalização viária na Rua Palestina, Bairro Barragem, Rio do Sul/SC.",Secretaria de Infraestrutura,"{""mode"": ""EVIDENCE_CLASS"", ""methodology"": ""sinais observáveis (histórico de re-licitação do órgão, objeto recorrente, aditivos próximos do fim); NÃO percentual fabricado"", ""signals"": [], ""probability_pct"": null, ""confidence"": ""BAIXA"", ""limitations"": [""Sem modelo validado retrospectivamente"", ""Sinais não são probabilidade""], ""fabricated_percent_forbidden"": true}","{""label"": ""ENGINEERING_HIGH_CONFIDENCE"", ""positive_terms"": [""pavimentacao"", ""drenagem""], ""negative_terms"": [], ""excluded_terms"": [], ""category"": ""infraestrutura"", ""subcategory"": ""pavimentacao"", ""reason"": ""objeto de engenharia aderente (pos=0.87)"", ""confidence"": 0.8675, ""textual_evidence"": ""Contratação de empresa especializada para execução de obras de pavimentação intertravada, drenagem pluvial e sinalização viária na Rua Palestina, Bairro Barragem, Rio do Sul/SC."", ""rule_version"": ""extra-sector-classifier/2.2.0"", ""sector_match"": true}",pavimentacao,2026-10-23,pncp_supplier_contracts,CONTRATUAL,2026-07-23,825415.68,CONTRATADO
ENGINEERING_HIGH_CONFIDENCE,[],BAIXA,LUQUIPEÇAS LTDA ME,09208545000162,True,2025-10-23,"[""Sem modelo validado retrospectivamente"", ""Sinais não são probabilidade""]",MÃO DE OBRA ESPECIALIZADA PARA PRESTAÇÃO DE SERVIÇOS PARA FINS DE MANUTENÇÃO PREVENTIVA E CORRETIVA DA USINA DE ASFALTO DO MUNICIPIO DE ITAJAÍ COM FORNECIMENTO DE PEÇAS ORIGINAIS/ GENUÍNAS.,PREFEITURA MUNICIPAL DE ITAJAÍ - SC,"{""mode"": ""EVIDENCE_CLASS"", ""methodology"": ""sinais observáveis (histórico de re-licitação do órgão, objeto recorrente, aditivos próximos do fim); NÃO percentual fabricado"", ""signals"": [], ""probability_pct"": null, ""confidence"": ""BAIXA"", ""limitations"": [""Sem modelo validado retrospectivamente"", ""Sinais não são probabilidade""], ""fabricated_percent_forbidden"": true}","{""label"": ""ENGINEERING_HIGH_CONFIDENCE"", ""positive_terms"": [""asfalto""], ""negative_terms"": [], ""excluded_terms"": [], ""category"": ""infraestrutura"", ""subcategory"": ""pavimentacao"", ""reason"": ""objeto de engenharia aderente (pos=0.40)"", ""confidence"": 0.75, ""textual_evidence"": ""MÃO DE OBRA ESPECIALIZADA PARA PRESTAÇÃO DE SERVIÇOS PARA FINS DE MANUTENÇÃO PREVENTIVA E CORRETIVA DA USINA DE ASFALTO DO MUNICIPIO DE ITAJAÍ COM FORNECIMENTO DE PEÇAS ORIGINAIS/ GENUÍNAS."", ""rule_version"": ""extra-sector-classifier/2.2.0"", ""sector_match"": true}",pavimentacao,2026-10-23,pncp_supplier_contracts,CONTRATUAL,2026-07-23,679999.79,CONTRATADO
ENGINEERING_HIGH_CONFIDENCE,[],BAIXA,PROVIAS ENGENHARIA E CONSULTORIA LTDA,23529844000120,True,2025-10-23,"[""Sem modelo validado retrospectivamente"", ""Sinais não são probabilidade""]","Adesão à Ata de Registro de Preços nº 005/2024, originada do Processo Licitatório nº 018/2024 do Município de Bom Jardim da Serra/SC, cujo objeto é o Registro de Preços para contratação de empresa de engenharia para execução de serviços técnicos especializados na elaboração de projetos de pavimentação asfáltica para rodovias, ciclovias e ponte, conforme condições, especificações e exigências estabelecidas no edital e em seus anexos.",MUNICÍPIO DE URUBICI,"{""mode"": ""EVIDENCE_CLASS"", ""methodology"": ""sinais observáveis (histórico de re-licitação do órgão, objeto recorrente, aditivos próximos do fim); NÃO percentual fabricado"", ""signals"": [], ""probability_pct"": null, ""confidence"": ""BAIXA"", ""limitations"": [""Sem modelo validado retrospectivamente"", ""Sinais não são probabilidade""], ""fabricated_percent_forbidden"": true}","{""label"": ""ENGINEERING_HIGH_CONFIDENCE"", ""positive_terms"": [""pavimentacao"", ""asfalto""], ""negative_terms"": [], ""excluded_terms"": [], ""category"": ""infraestrutura"", ""subcategory"": ""pavimentacao"", ""reason"": ""objeto de engenharia aderente (pos=0.85)"", ""confidence"": 0.8625, ""textual_evidence"": ""Adesão à Ata de Registro de Preços nº 005/2024, originada do Processo Licitatório nº 018/2024 do Município de Bom Jardim da Serra/SC, cujo objeto é o Registro de Preços para contratação de empresa de engenharia para execução de serviços técnicos especializados na elaboração de pr…"", ""rule_version"": ""extra-sector-classifier/2.2.0"", ""sector_match"": true}",pavimentacao,2026-10-23,pncp_supplier_contracts,CONTRATUAL,2026-07-23,103399.98,CONTRATADO
ENGINEERING_HIGH_CONFIDENCE,[],BAIXA,IGM ARQUITETURA LTDA,32730243000171,True,2025-10-24,"[""Sem modelo validado retrospectivamente"", ""Sinais não são probabilidade""]","CONTRATAÇÃO DE EMPRESA ESPECIALIZADA PARA REVITALIZAÇÃO DO EDIFÍCIO “MOINHO SÃO DOMINGOS”, BEM IMÓVEL TOMBADO DO MUNICÍPIO DE CORDILHEIRA ALTA/SC (DECRETO MUNICIPAL Nº 378/2022), SITUADO NA AVENIDA FERMINO TOZZO, Nº 454, BAIRRO CENTRO, CEP 89.819-000, CONFORME PROJETOS, MEMORIAL, ART E DEMAIS TERMOS DO PRESENTE EDITAL, COM VISTAS A REALIZAÇÃO DO PROJETO DENOMINADO “FÁBRICA DE CULTURA: REVITALIZAÇÃO DO MOINHO SÃO DOMINGOS”, NA FORMA DO PROCESSO Nº 2023/023189 E CONVÊNIO Nº 08/2024/FRBL, CELEBR...",PREFEITURA MUNICIPAL DE CORDILHEIRA ALTA - SC,"{""mode"": ""EVIDENCE_CLASS"", ""methodology"": ""sinais observáveis (histórico de re-licitação do órgão, objeto recorrente, aditivos próximos do fim); NÃO percentual fabricado"", ""signals"": [], ""probability_pct"": null, ""confidence"": ""BAIXA"", ""limitations"": [""Sem modelo validado retrospectivamente"", ""Sinais não são probabilidade""], ""fabricated_percent_forbidden"": true}","{""label"": ""ENGINEERING_HIGH_CONFIDENCE"", ""positive_terms"": [""infraestrutura_urbana""], ""negative_terms"": [], ""excluded_terms"": [], ""category"": ""infraestrutura"", ""subcategory"": ""infraestrutura_urbana"", ""reason"": ""objeto de engenharia aderente (pos=0.38)"", ""confidence"": 0.745, ""textual_evidence"": ""CONTRATAÇÃO DE EMPRESA ESPECIALIZADA PARA REVITALIZAÇÃO DO EDIFÍCIO “MOINHO SÃO DOMINGOS”, BEM IMÓVEL TOMBADO DO MUNICÍPIO DE CORDILHEIRA ALTA/SC (DECRETO MUNICIPAL Nº 378/2022), SITUADO NA AVENIDA FERMINO TOZZO, Nº 454, BAIRRO CENTRO, CEP 89.819-000, CONFORME PROJETOS, MEMORIAL,…"", ""rule_version"": ""extra-sector-classifier/2.2.0"", ""sector_match"": true}",infraestrutura_urbana,2026-10-24,pncp_supplier_contracts,CONTRATUAL,2026-07-23,2660000.0,CONTRATADO
ENGINEERING_HIGH_CONFIDENCE,[],BAIXA,APA PAVIMENTACOES LTDA,37729221000105,True,2026-02-17,"[""Sem modelo validado retrospectivamente"", ""Sinais não são probabilidade""]","CONTRATAÇÃO DE EMPRESA ESPECIALIZADA PARA FORNECIMENTO DE MATERIAIS, MÃO DE OBRA E DEMAIS OBRIGAÇÕES NECESSÁRIAS PARA EXECUÇÃO DE PAVIMENTAÇÃO EM CONCRETO DA RUA ANTÔNIO GROSSKOPF, TRECHO PARCIAL, CONTEMPLANDO OS SERVIÇOS INICIAS, DRENAGEM, PAVIMENTAÇÃO EM CONCRETO, OBRAS COMPLEMENTARES E SINALIZAÇÃO VIÁRIA, CONFORME CONDIÇÕES, QUANTIDADES E EXIGÊNCIAS ESTABELECIDAS NO TERMO DE REFERÊNCIA. O PROCESSO ESTÁ ATRELADO E CONDICIONADO A FONTE DE RECURSOS DO GOVERNO FEDERAL E CONTRAPARTIDA DA PREFEI...",MOBILIDADE URBANA,"{""mode"": ""EVIDENCE_CLASS"", ""methodology"": ""sinais observáveis (histórico de re-licitação do órgão, objeto recorrente, aditivos próximos do fim); NÃO percentual fabricado"", ""signals"": [], ""probability_pct"": null, ""confidence"": ""BAIXA"", ""limitations"": [""Sem modelo validado retrospectivamente"", ""Sinais não são probabilidade""], ""fabricated_percent_forbidden"": true}","{""label"": ""ENGINEERING_HIGH_CONFIDENCE"", ""positive_terms"": [""pavimentacao""], ""negative_terms"": [], ""excluded_terms"": [], ""category"": ""infraestrutura"", ""subcategory"": ""pavimentacao"", ""reason"": ""objeto de engenharia aderente (pos=0.45)"", ""confidence"": 0.7625000000000001, ""textual_evidence"": ""CONTRATAÇÃO DE EMPRESA ESPECIALIZADA PARA FORNECIMENTO DE MATERIAIS, MÃO DE OBRA E DEMAIS OBRIGAÇÕES NECESSÁRIAS PARA EXECUÇÃO DE PAVIMENTAÇÃO EM CONCRETO DA RUA ANTÔNIO GROSSKOPF, TRECHO PARCIAL, CONTEMPLANDO OS SERVIÇOS INICIAS, DRENAGEM, PAVIMENTAÇÃO EM CONCRETO, OBRAS COMPLEM…"", ""rule_version"": ""extra-sector-classifier/2.2.0"", ""sector_match"": true}",pavimentacao,2026-10-24,pncp_supplier_contracts,CONTRATUAL,2026-07-23,1072000.0,CONTRATADO
ENGINEERING_HIGH_CONFIDENCE,[],BAIXA,AACS ENGENHARIA E EMPREEDIMENTOS LTDA,15082833000116,True,2026-03-24,"[""Sem modelo validado retrospectivamente"", ""Sinais não são probabilidade""]","Contratação de empresa especializada para a execução de obras de drenagem pluvial e pavimentação asfáltica na Rua do Peixe, contemplando o Trecho I.",Departamento de Obras Públicas,"{""mode"": ""EVIDENCE_CLASS"", ""methodology"": ""sinais observáveis (histórico de re-licitação do órgão, objeto recorrente, aditivos próximos do fim); NÃO percentual fabricado"", ""signals"": [], ""probability_pct"": null, ""confidence"": ""BAIXA"", ""limitations"": [""Sem modelo validado retrospectivamente"", ""Sinais não são probabilidade""], ""fabricated_percent_forbidden"": true}","{""label"": ""ENGINEERING_HIGH_CONFIDENCE"", ""positive_terms"": [""pavimentacao"", ""asfalto"", ""drenagem""], ""negative_terms"": [], ""excluded_terms"": [], ""category"": ""infraestrutura"", ""subcategory"": ""pavimentacao"", ""reason"": ""objeto de engenharia aderente (pos=1.27)"", ""confidence"": 0.9675, ""textual_evidence"": ""Contratação de empresa especializada para a execução de obras de drenagem pluvial e pavimentação asfáltica na Rua do Peixe, contemplando o Trecho I."", ""rule_version"": ""extra-sector-classifier/2.2.0"", ""sector_match"": true}",pavimentacao,2026-10-24,pncp_supplier_contracts,CONTRATUAL,2026-07-23,1014900.0,CONTRATADO
ENGINEERING_HIGH_CONFIDENCE,[],BAIXA,I L AZEVEDO ENGENHARIA LTDA,29383128000163,True,2025-10-29,"[""Sem modelo validado retrospectivamente"", ""Sinais não são probabilidade""]","Prestação  de  serviços  de engenharia para execução de    manutenção    predial corretiva     e     preventiva, contemplando  os  serviços de   manutenção   elétrica, civil,  hidráulica  e sistema preventivo  contra  incêndio no Blaco   B   do   Centro Administrativo   da   SSP localizado   na Av.IvoSilveira,nº1521,Bloco B, BairroCapoeiras,Florianópolis-CEP:88085-000.",Unidade Administrativa,"{""mode"": ""EVIDENCE_CLASS"", ""methodology"": ""sinais observáveis (histórico de re-licitação do órgão, objeto recorrente, aditivos próximos do fim); NÃO percentual fabricado"", ""signals"": [], ""probability_pct"": null, ""confidence"": ""BAIXA"", ""limitations"": [""Sem modelo validado retrospectivamente"", ""Sinais não são probabilidade""], ""fabricated_percent_forbidden"": true}","{""label"": ""ENGINEERING_HIGH_CONFIDENCE"", ""positive_terms"": [""manutencao_predial"", ""obra_engenharia""], ""negative_terms"": [], ""excluded_terms"": [], ""category"": ""obras_civis"", ""subcategory"": ""obras_civis"", ""reason"": ""objeto de engenharia aderente (pos=0.83)"", ""confidence"": 0.8575, ""textual_evidence"": ""Prestação  de  serviços  de engenharia para execução de    manutenção    predial corretiva     e     preventiva, contemplando  os  serviços de   manutenção   elétrica, civil,  hidráulica  e sistema preventivo  contra  incêndio no Blaco   B   do   Centro Administrativo   da   SSP …"", ""rule_version"": ""extra-sector-classifier/2.2.0"", ""sector_match"": true}",obras_civis,2026-10-24,pncp_supplier_contracts,CONTRATUAL,2026-07-23,416423.27,CONTRATADO
ENGINEERING_HIGH_CONFIDENCE,[],BAIXA,I L AZEVEDO ENGENHARIA LTDA,29383128000163,True,2025-10-29,"[""Sem modelo validado retrospectivamente"", ""Sinais não são probabilidade""]","Prestação  de  serviços  de engenharia para execução de    manutenção    predial corretiva     e     preventiva, contemplando  os  serviços de   manutenção   elétrica, civil,  hidráulica  e sistema preventivo  contra  incêndio no Blaco   B   do   Centro Administrativo   da   SSP localizado   na Av.IvoSilveira,nº1521,Bloco B, BairroCapoeiras,Florianópolis-CEP:88085-000.",Unidade Administrativa,"{""mode"": ""EVIDENCE_CLASS"", ""methodology"": ""sinais observáveis (histórico de re-licitação do órgão, objeto recorrente, aditivos próximos do fim); NÃO percentual fabricado"", ""signals"": [], ""probability_pct"": null, ""confidence"": ""BAIXA"", ""limitations"": [""Sem modelo validado retrospectivamente"", ""Sinais não são probabilidade""], ""fabricated_percent_forbidden"": true}","{""label"": ""ENGINEERING_HIGH_CONFIDENCE"", ""positive_terms"": [""manutencao_predial"", ""obra_engenharia""], ""negative_terms"": [], ""excluded_terms"": [], ""category"": ""obras_civis"", ""subcategory"": ""obras_civis"", ""reason"": ""objeto de engenharia aderente (pos=0.83)"", ""confidence"": 0.8575, ""textual_evidence"": ""Prestação  de  serviços  de engenharia para execução de    manutenção    predial corretiva     e     preventiva, contemplando  os  serviços de   manutenção   elétrica, civil,  hidráulica  e sistema preventivo  contra  incêndio no Blaco   B   do   Centro Administrativo   da   SSP …"", ""rule_version"": ""extra-sector-classifier/2.2.0"", ""sector_match"": true}",obras_civis,2026-10-24,pncp_supplier_contracts,CONTRATUAL,2026-07-23,416423.27,CONTRATADO
ENGINEERING_HIGH_CONFIDENCE,[],BAIXA,HC ENGENHARIA LTDA,48760149000103,True,2026-04-24,"[""Sem modelo validado retrospectivamente"", ""Sinais não são probabilidade""]",CONTRATAÇÃO DE EMPRESA ESPECIALIZADA EM OBRAS DE ENGENHARIA PARA EXECUÇÃO DA REFORMA E ADEQUAÇÃO DA COBERTURA METÁLICA DO POSTO DE SAÚDE CENTRAL DE BELA VISTA DO TOLDO/SC E DEMAIS SERVIÇOS NECESSÁRIOS.,FUNDO MUNICIPAL DE SAUDE DE BELA VISTA DO TOLDO,"{""mode"": ""EVIDENCE_CLASS"", ""methodology"": ""sinais observáveis (histórico de re-licitação do órgão, objeto recorrente, aditivos próximos do fim); NÃO percentual fabricado"", ""signals"": [], ""probability_pct"": null, ""confidence"": ""BAIXA"", ""limitations"": [""Sem modelo validado retrospectivamente"", ""Sinais não são probabilidade""], ""fabricated_percent_forbidden"": true}","{""label"": ""ENGINEERING_HIGH_CONFIDENCE"", ""positive_terms"": [""obra_engenharia""], ""negative_terms"": [], ""excluded_terms"": [], ""category"": ""obras_civis"", ""subcategory"": ""obras_civis"", ""reason"": ""objeto de engenharia aderente (pos=0.45)"", ""confidence"": 0.7625000000000001, ""textual_evidence"": ""CONTRATAÇÃO DE EMPRESA ESPECIALIZADA EM OBRAS DE ENGENHARIA PARA EXECUÇÃO DA REFORMA E ADEQUAÇÃO DA COBERTURA METÁLICA DO POSTO DE SAÚDE CENTRAL DE BELA VISTA DO TOLDO/SC E DEMAIS SERVIÇOS NECESSÁRIOS."", ""rule_version"": ""extra-sector-classifier/2.2.0"", ""sector_match"": true}",obras_civis,2026-10-24,pncp_supplier_contracts,CONTRATUAL,2026-07-23,200802.32,CONTRATADO
ENGINEERING_REVIEW,[],BAIXA,CONSTRUTORA MONSANI LTDA,14567961000197,True,2026-02-24,"[""Sem modelo validado retrospectivamente"", ""Sinais não são probabilidade""]","contratação de empresa para execução das obras de construção de biblioteca e reforma de sala de aula na E.M.E.F. Frei Modesto, no município de Timbé do Sul/SC, tudo de conformidade com o projeto básico, projetos executivos, planilhas orçamentárias, memorial descritivo e demais documentos e anexos que integram este edital.",DEPARTAMENTO DE EDUCAÇÃO,"{""mode"": ""EVIDENCE_CLASS"", ""methodology"": ""sinais observáveis (histórico de re-licitação do órgão, objeto recorrente, aditivos próximos do fim); NÃO percentual fabricado"", ""signals"": [], ""probability_pct"": null, ""confidence"": ""BAIXA"", ""limitations"": [""Sem modelo validado retrospectivamente"", ""Sinais não são probabilidade""], ""fabricated_percent_forbidden"": true}","{""label"": ""ENGINEERING_REVIEW"", ""positive_terms"": [""projeto_engenharia""], ""negative_terms"": [], ""excluded_terms"": [], ""category"": ""projetos_engenharia"", ""subcategory"": ""projetos"", ""reason"": ""projeto de engenharia/arquitetura — review de capacidade/CAT"", ""confidence"": 0.664, ""textual_evidence"": ""contratação de empresa para execução das obras de construção de biblioteca e reforma de sala de aula na E.M.E.F. Frei Modesto, no município de Timbé do Sul/SC, tudo de conformidade com o projeto básico, projetos executivos, planilhas orçamentárias, memorial descritivo e demais do…"", ""rule_version"": ""extra-sector-classifier/2.2.0"", ""sector_match"": true}",projetos,2026-10-24,pncp_supplier_contracts,CONTRATUAL,2026-07-23,194400.0,CONTRATADO
ENGINEERING_HIGH_CONFIDENCE,[],BAIXA,PAVIPLAN PAVIMENTACAO LTDA.,03620927000112,True,2026-04-28,"[""Sem modelo validado retrospectivamente"", ""Sinais não são probabilidade""]","Contratação de pessoa jurídica para a prestação de serviços de engenharia, com fornecimento de materiais e mão de obra, destinados à pavimentação asfáltica, incluindo serviços preliminares, terraplenagem, drenagem pluvial, obras complementares e sinalização viária, na Rua 283 – Irmãos Maristas, no Bairro Centro, com extensão total de 969,26 m (novecentos e sessenta e nove metros e vinte e seis centímetros), em conformidade com o Anexo I – Termo de Referência, projetos, memorial descritivo, pl...",Prefeitura Municipal de Jaraguá do Sul,"{""mode"": ""EVIDENCE_CLASS"", ""methodology"": ""sinais observáveis (histórico de re-licitação do órgão, objeto recorrente, aditivos próximos do fim); NÃO percentual fabricado"", ""signals"": [], ""probability_pct"": null, ""confidence"": ""BAIXA"", ""limitations"": [""Sem modelo validado retrospectivamente"", ""Sinais não são probabilidade""], ""fabricated_percent_forbidden"": true}","{""label"": ""ENGINEERING_HIGH_CONFIDENCE"", ""positive_terms"": [""terraplenagem"", ""pavimentacao"", ""asfalto"", ""drenagem""], ""negative_terms"": [], ""excluded_terms"": [], ""category"": ""infraestrutura"", ""subcategory"": ""terraplenagem"", ""reason"": ""objeto de engenharia aderente (pos=1.72)"", ""confidence"": 0.99, ""textual_evidence"": ""Contratação de pessoa jurídica para a prestação de serviços de engenharia, com fornecimento de materiais e mão de obra, destinados à pavimentação asfáltica, incluindo serviços preliminares, terraplenagem, drenagem pluvial, obras complementares e sinalização viária, na Rua 283 – I…"", ""rule_version"": ""extra-sector-classifier/2.2.0"", ""sector_match"": true}",terraplenagem,2026-10-25,pncp_supplier_contracts,CONTRATUAL,2026-07-23,919496.94,CONTRATADO
ENGINEERING_HIGH_CONFIDENCE,[],BAIXA,ECGT CONSTRUCOES LTDA,06907152000159,True,2026-03-25,"[""Sem modelo validado retrospectivamente"", ""Sinais não são probabilidade""]","Contratação de empresa especializada no ramo da construção civil, em regime de empreitada por preço unitário, com fornecimento de materiais e mão de obra, para execução de serviços referentes a construção de edificação destinada ao quiosque na Prainha de Linha Bonita, Município de Itá/SC.",Departamento de Turismo,"{""mode"": ""EVIDENCE_CLASS"", ""methodology"": ""sinais observáveis (histórico de re-licitação do órgão, objeto recorrente, aditivos próximos do fim); NÃO percentual fabricado"", ""signals"": [], ""probability_pct"": null, ""confidence"": ""BAIXA"", ""limitations"": [""Sem modelo validado retrospectivamente"", ""Sinais não são probabilidade""], ""fabricated_percent_forbidden"": true}","{""label"": ""ENGINEERING_HIGH_CONFIDENCE"", ""positive_terms"": [""construcao_edificios""], ""negative_terms"": [], ""excluded_terms"": [], ""category"": ""edificacoes"", ""subcategory"": ""edificacoes"", ""reason"": ""objeto de engenharia aderente (pos=0.45)"", ""confidence"": 0.7625000000000001, ""textual_evidence"": ""Contratação de empresa especializada no ramo da construção civil, em regime de empreitada por preço unitário, com fornecimento de materiais e mão de obra, para execução de serviços referentes a construção de edificação destinada ao quiosque na Prainha de Linha Bonita, Município d…"", ""rule_version"": ""extra-sector-classifier/2.2.0"", ""sector_match"": true}",edificacoes,2026-10-25,pncp_supplier_contracts,CONTRATUAL,2026-07-23,332500.0,CONTRATADO
ENGINEERING_HIGH_CONFIDENCE,[],BAIXA,SUDOESTE CONSTRUÇÕES LTDA,64767020000175,True,2026-06-25,"[""Sem modelo validado retrospectivamente"", ""Sinais não são probabilidade""]","REF.: O PRESENTE PROCEDIMENTO LICITATÓRIO TEM POR OBJETIVO SELECIONAR A PROPOSTA MAIS VANTAJOSA PARA FUTURA E EVENTUAL A CONTRATAÇÃO DE EMPRESA DE ENGENHARIA ESPECIALIZADA PARA EXECUÇÃO DA REFORMA E REVITALIZAÇÃO DO CEMITÉRIO NA COMUNIDADE DE VILA SÃO CRISTÓVÃO, MUNICÍPIO DE SANTA ROSA DO SUL/SC, CONFORME AS ESPECIFICAÇÕES CONSTANTES NO EDITAL, CRONOGRAMA FÍSICO-FINANCEIRO, MEMORIAL DESCRITIVO, PLANILHA ORÇAMENTÁRIA, PROJETO E DEMAIS ANEXOS. (TE 0091/2026)",SECRETARIA DE ADMINISTRAÇÃO E FINANÇAS,"{""mode"": ""EVIDENCE_CLASS"", ""methodology"": ""sinais observáveis (histórico de re-licitação do órgão, objeto recorrente, aditivos próximos do fim); NÃO percentual fabricado"", ""signals"": [], ""probability_pct"": null, ""confidence"": ""BAIXA"", ""limitations"": [""Sem modelo validado retrospectivamente"", ""Sinais não são probabilidade""], ""fabricated_percent_forbidden"": true}","{""label"": ""ENGINEERING_HIGH_CONFIDENCE"", ""positive_terms"": [""infraestrutura_urbana""], ""negative_terms"": [], ""excluded_terms"": [], ""category"": ""infraestrutura"", ""subcategory"": ""infraestrutura_urbana"", ""reason"": ""objeto de engenharia aderente (pos=0.38)"", ""confidence"": 0.745, ""textual_evidence"": ""REF.: O PRESENTE PROCEDIMENTO LICITATÓRIO TEM POR OBJETIVO SELECIONAR A PROPOSTA MAIS VANTAJOSA PARA FUTURA E EVENTUAL A CONTRATAÇÃO DE EMPRESA DE ENGENHARIA ESPECIALIZADA PARA EXECUÇÃO DA REFORMA E REVITALIZAÇÃO DO CEMITÉRIO NA COMUNIDADE DE VILA SÃO CRISTÓVÃO, MUNICÍPIO DE SANT…"", ""rule_version"": ""extra-sector-classifier/2.2.0"", ""sector_match"": true}",infraestrutura_urbana,2026-10-25,pncp_supplier_contracts,CONTRATUAL,2026-07-23,200000.0,CONTRATADO
ENGINEERING_HIGH_CONFIDENCE,[],BAIXA,AEJ ENGENHARIA LTDA,54960587000100,True,2026-02-27,"[""Sem modelo validado retrospectivamente"", ""Sinais não são probabilidade""]","Contratação  de serviços de engenharia para  execução  de manutenção predial corretiva e preventiva (via ARP 201/2025) para imóvel SIGEP 4765, sede administrativa da CODAM Criciúma, localizada na Rua José de Patta, 120, Centro, Criciúma/SC.",Diretoria do Arquivo Público,"{""mode"": ""EVIDENCE_CLASS"", ""methodology"": ""sinais observáveis (histórico de re-licitação do órgão, objeto recorrente, aditivos próximos do fim); NÃO percentual fabricado"", ""signals"": [], ""probability_pct"": null, ""confidence"": ""BAIXA"", ""limitations"": [""Sem modelo validado retrospectivamente"", ""Sinais não são probabilidade""], ""fabricated_percent_forbidden"": true}","{""label"": ""ENGINEERING_HIGH_CONFIDENCE"", ""positive_terms"": [""manutencao_predial"", ""obra_engenharia""], ""negative_terms"": [], ""excluded_terms"": [], ""category"": ""obras_civis"", ""subcategory"": ""obras_civis"", ""reason"": ""objeto de engenharia aderente (pos=0.83)"", ""confidence"": 0.8575, ""textual_evidence"": ""Contratação  de serviços de engenharia para  execução  de manutenção predial corretiva e preventiva (via ARP 201/2025) para imóvel SIGEP 4765, sede administrativa da CODAM Criciúma, localizada na Rua José de Patta, 120, Centro, Criciúma/SC."", ""rule_version"": ""extra-sector-classifier/2.2.0"", ""sector_match"": true}",obras_civis,2026-10-25,pncp_supplier_contracts,CONTRATUAL,2026-07-23,139084.03,CONTRATADO
ENGINEERING_HIGH_CONFIDENCE,[],BAIXA,AEJ ENGENHARIA LTDA,54960587000100,True,2026-02-27,"[""Sem modelo validado retrospectivamente"", ""Sinais não são probabilidade""]","Contratação  de serviços de engenharia para  execução  de manutenção predial corretiva e preventiva (via ARP 201/2025) para imóvel SIGEP 4765, sede administrativa da CODAM Criciúma, localizada na Rua José de Patta, 120, Centro, Criciúma/SC.",Instituto do Meio Ambiente do Estado de Santa Catarina,"{""mode"": ""EVIDENCE_CLASS"", ""methodology"": ""sinais observáveis (histórico de re-licitação do órgão, objeto recorrente, aditivos próximos do fim); NÃO percentual fabricado"", ""signals"": [], ""probability_pct"": null, ""confidence"": ""BAIXA"", ""limitations"": [""Sem modelo validado retrospectivamente"", ""Sinais não são probabilidade""], ""fabricated_percent_forbidden"": true}","{""label"": ""ENGINEERING_HIGH_CONFIDENCE"", ""positive_terms"": [""manutencao_predial"", ""obra_engenharia""], ""negative_terms"": [], ""excluded_terms"": [], ""category"": ""obras_civis"", ""subcategory"": ""obras_civis"", ""reason"": ""objeto de engenharia aderente (pos=0.83)"", ""confidence"": 0.8575, ""textual_evidence"": ""Contratação  de serviços de engenharia para  execução  de manutenção predial corretiva e preventiva (via ARP 201/2025) para imóvel SIGEP 4765, sede administrativa da CODAM Criciúma, localizada na Rua José de Patta, 120, Centro, Criciúma/SC."", ""rule_version"": ""extra-sector-classifier/2.2.0"", ""sector_match"": true}",obras_civis,2026-10-25,pncp_supplier_contracts,CONTRATUAL,2026-07-23,139084.03,CONTRATADO
ENGINEERING_HIGH_CONFIDENCE,[],BAIXA,IMPERIAL EMPREENDIMENTOS LTDA,02645439000105,True,2026-05-29,"[""Sem modelo validado retrospectivamente"", ""Sinais não são probabilidade""]","CONTRATAÇÃO DE EMPRESA PARA PRESTAÇÃO DE SERVIÇOS DE MÃO DE OBRA COM FORNECIMENTO DE MATERIAIS PARA EXECUÇÃO DE OBRA DE INFRAESTRUTURA URBANA - PAVIMENTAÇÃO COM PEDRAS IRREGULARES, NO TRECHO DA RUA GENERAL OSÓRIO, COM LARGURA DE RUA DE 15,00 METROS, TOTALIZANDO ÁREA DE 845,53 M², COM LARGURA MÉDIA DE PISTA DE ROLAMENTO DE 10,00 METROS E PASSEIO LATERAL DE 2,50 METROS CADA LADO, COM RECURSOS PRÓPRIOS, DE ACORDO COM OS PROJETOS, MEMORIAL DESCRITIVO, ORÇAMENTOS, CRONOGRAMA FÍSICO FINANCEIRO E DE...",FUNDO MUNICIPAL DE SAÚDE DE BELMONTE,"{""mode"": ""EVIDENCE_CLASS"", ""methodology"": ""sinais observáveis (histórico de re-licitação do órgão, objeto recorrente, aditivos próximos do fim); NÃO percentual fabricado"", ""signals"": [], ""probability_pct"": null, ""confidence"": ""BAIXA"", ""limitations"": [""Sem modelo validado retrospectivamente"", ""Sinais não são probabilidade""], ""fabricated_percent_forbidden"": true}","{""label"": ""ENGINEERING_HIGH_CONFIDENCE"", ""positive_terms"": [""infraestrutura_urbana"", ""pavimentacao""], ""negative_terms"": [], ""excluded_terms"": [], ""category"": ""infraestrutura"", ""subcategory"": ""pavimentacao"", ""reason"": ""objeto de engenharia aderente (pos=0.83)"", ""confidence"": 0.8575, ""textual_evidence"": ""CONTRATAÇÃO DE EMPRESA PARA PRESTAÇÃO DE SERVIÇOS DE MÃO DE OBRA COM FORNECIMENTO DE MATERIAIS PARA EXECUÇÃO DE OBRA DE INFRAESTRUTURA URBANA - PAVIMENTAÇÃO COM PEDRAS IRREGULARES, NO TRECHO DA RUA GENERAL OSÓRIO, COM LARGURA DE RUA DE 15,00 METROS, TOTALIZANDO ÁREA DE 845,53 M²,…"", ""rule_version"": ""extra-sector-classifier/2.2.0"", ""sector_match"": true}",pavimentacao,2026-10-25,pncp_supplier_contracts,CONTRATUAL,2026-07-23,119000.0,CONTRATADO
ENGINEERING_HIGH_CONFIDENCE,[],BAIXA,JM PRESTADORA DE SERVIÇOS E CONSTRUÇÃO LTDA,59022748000138,True,2026-04-29,"[""Sem modelo validado retrospectivamente"", ""Sinais não são probabilidade""]","CONTRATAÇÃO DE EMPRESA OBJETIVANDO A EXECUÇÃO DA REVITALIZAÇÃO DA PRAÇA FRIDOLINO SCHUEROFF NO BAIRRO PRESIDENTE VARGAS, CONTANDO COM CERCA DE 8.605 M² DE ÁREA CONSTRUÍDA APÓS AMPLIAÇÃO.",PREFEITURA MUNICIPAL DE IÇARA - SC,"{""mode"": ""EVIDENCE_CLASS"", ""methodology"": ""sinais observáveis (histórico de re-licitação do órgão, objeto recorrente, aditivos próximos do fim); NÃO percentual fabricado"", ""signals"": [], ""probability_pct"": null, ""confidence"": ""BAIXA"", ""limitations"": [""Sem modelo validado retrospectivamente"", ""Sinais não são probabilidade""], ""fabricated_percent_forbidden"": true}","{""label"": ""ENGINEERING_HIGH_CONFIDENCE"", ""positive_terms"": [""infraestrutura_urbana""], ""negative_terms"": [], ""excluded_terms"": [], ""category"": ""infraestrutura"", ""subcategory"": ""infraestrutura_urbana"", ""reason"": ""objeto de engenharia aderente (pos=0.38)"", ""confidence"": 0.745, ""textual_evidence"": ""CONTRATAÇÃO DE EMPRESA OBJETIVANDO A EXECUÇÃO DA REVITALIZAÇÃO DA PRAÇA FRIDOLINO SCHUEROFF NO BAIRRO PRESIDENTE VARGAS, CONTANDO COM CERCA DE 8.605 M² DE ÁREA CONSTRUÍDA APÓS AMPLIAÇÃO."", ""rule_version"": ""extra-sector-classifier/2.2.0"", ""sector_match"": true}",infraestrutura_urbana,2026-10-26,pncp_supplier_contracts,CONTRATUAL,2026-07-23,115672.7,CONTRATADO
ENGINEERING_REVIEW,[],BAIXA,CONSTRUTORA FOSCARINI EIRELI,11517944000157,True,2025-10-28,"[""Sem modelo validado retrospectivamente"", ""Sinais não são probabilidade""]","Serviços de manutenção predial preventiva, corretiva, bem como reformas prediais sem acréscimo de área construída, abrangendo as áreas civil, elétrica, hidráulica e de sistemas preventivos de combate a incêndio, em todas as unidades administrativas sob responsabilidade do Município de Concórdia.",Secretaria Municipal de Planejamento - SEPLAN,"{""mode"": ""EVIDENCE_CLASS"", ""methodology"": ""sinais observáveis (histórico de re-licitação do órgão, objeto recorrente, aditivos próximos do fim); NÃO percentual fabricado"", ""signals"": [], ""probability_pct"": null, ""confidence"": ""BAIXA"", ""limitations"": [""Sem modelo validado retrospectivamente"", ""Sinais não são probabilidade""], ""fabricated_percent_forbidden"": true}","{""label"": ""ENGINEERING_REVIEW"", ""positive_terms"": [""manutencao_predial""], ""negative_terms"": [], ""excluded_terms"": [], ""category"": ""edificacoes"", ""subcategory"": ""manutencao_predial"", ""reason"": ""manutenção predial — engineering/review (escopo e CAT)"", ""confidence"": 0.633, ""textual_evidence"": ""Serviços de manutenção predial preventiva, corretiva, bem como reformas prediais sem acréscimo de área construída, abrangendo as áreas civil, elétrica, hidráulica e de sistemas preventivos de combate a incêndio, em todas as unidades administrativas sob responsabilidade do Municíp…"", ""rule_version"": ""extra-sector-classifier/2.2.0"", ""sector_match"": true}",manutencao_predial,2026-10-27,pncp_supplier_contracts,CONTRATUAL,2026-07-23,3880000.0,CONTRATADO
ENGINEERING_HIGH_CONFIDENCE,[],BAIXA,C R ARTEFATOS DE CIMENTO LTDA,01650178000140,True,2025-06-27,"[""Sem modelo validado retrospectivamente"", ""Sinais não são probabilidade""]","CONTRATAÇÃO DE EMPRESA PARA EXECUÇÃO DAS OBRAS DE PAVIMENTAÇÃO, DRENAGEM PLUVIAL, PASSEIO PÚBLICO E SINALIZAÇÃO VERTICAL NA RUA AUGUSTO CUGNIER",PREFEITURA MUNICIPAL DE ITAJAÍ - SC,"{""mode"": ""EVIDENCE_CLASS"", ""methodology"": ""sinais observáveis (histórico de re-licitação do órgão, objeto recorrente, aditivos próximos do fim); NÃO percentual fabricado"", ""signals"": [], ""probability_pct"": null, ""confidence"": ""BAIXA"", ""limitations"": [""Sem modelo validado retrospectivamente"", ""Sinais não são probabilidade""], ""fabricated_percent_forbidden"": true}","{""label"": ""ENGINEERING_HIGH_CONFIDENCE"", ""positive_terms"": [""pavimentacao"", ""drenagem""], ""negative_terms"": [], ""excluded_terms"": [], ""category"": ""infraestrutura"", ""subcategory"": ""pavimentacao"", ""reason"": ""objeto de engenharia aderente (pos=0.87)"", ""confidence"": 0.8675, ""textual_evidence"": ""CONTRATAÇÃO DE EMPRESA PARA EXECUÇÃO DAS OBRAS DE PAVIMENTAÇÃO, DRENAGEM PLUVIAL, PASSEIO PÚBLICO E SINALIZAÇÃO VERTICAL NA RUA AUGUSTO CUGNIER"", ""rule_version"": ""extra-sector-classifier/2.2.0"", ""sector_match"": true}",pavimentacao,2026-10-27,pncp_supplier_contracts,CONTRATUAL,2026-07-22,3269997.63,CONTRATADO
ENGINEERING_HIGH_CONFIDENCE,[],BAIXA,MILENIUM SOLUCOES E SERVICOS LTDA,05594191000180,True,2026-05-27,"[""Sem modelo validado retrospectivamente"", ""Sinais não são probabilidade""]","Contratação de empresa especializada para a execução de pavimentação em concreto rígido, drenagem pluvial e sinalização viária da Rua Prefeito August Heinrich Purnhagen, localizada no Bairro Universitário, Taió/SC, com extensão de 865,00 metros",Serviços Urbanos,"{""mode"": ""EVIDENCE_CLASS"", ""methodology"": ""sinais observáveis (histórico de re-licitação do órgão, objeto recorrente, aditivos próximos do fim); NÃO percentual fabricado"", ""signals"": [], ""probability_pct"": null, ""confidence"": ""BAIXA"", ""limitations"": [""Sem modelo validado retrospectivamente"", ""Sinais não são probabilidade""], ""fabricated_percent_forbidden"": true}","{""label"": ""ENGINEERING_HIGH_CONFIDENCE"", ""positive_terms"": [""pavimentacao"", ""drenagem""], ""negative_terms"": [], ""excluded_terms"": [], ""category"": ""infraestrutura"", ""subcategory"": ""pavimentacao"", ""reason"": ""objeto de engenharia aderente (pos=0.87)"", ""confidence"": 0.8675, ""textual_evidence"": ""Contratação de empresa especializada para a execução de pavimentação em concreto rígido, drenagem pluvial e sinalização viária da Rua Prefeito August Heinrich Purnhagen, localizada no Bairro Universitário, Taió/SC, com extensão de 865,00 metros"", ""rule_version"": ""extra-sector-classifier/2.2.0"", ""sector_match"": true}",pavimentacao,2026-10-27,pncp_supplier_contracts,CONTRATUAL,2026-07-23,1885100.0,CONTRATADO
ENGINEERING_HIGH_CONFIDENCE,[],BAIXA,F9 CONSTRUTORA LTDA,50032977000169,True,2025-10-28,"[""Sem modelo validado retrospectivamente"", ""Sinais não são probabilidade""]","CONTRATAÇÃO DE PESSOA JURÍDICA PARA PRESTAÇÃO DE SERVIÇOS DE ENGENHARIA COM FORNECIMENTO DE MATERIAIS, EQUIPAMENTOS E MÃO DE OBRA PARA CONSTRUÇÃO DE PORTAL DE ENTRADA E REVITALIZAÇÃO DA RUA TRENTO, BAIRRO DIVINÉIA, NO MUNICÍPIO DE RIO DOS CEDROS/SC, EM CONFORMIDADE COM O PROJETO BÁSICO, MEMORIAL DESCRITIVO E DEMAIS ANEXOS DO EDITAL.",DIRETORIA DE TURISMO,"{""mode"": ""EVIDENCE_CLASS"", ""methodology"": ""sinais observáveis (histórico de re-licitação do órgão, objeto recorrente, aditivos próximos do fim); NÃO percentual fabricado"", ""signals"": [], ""probability_pct"": null, ""confidence"": ""BAIXA"", ""limitations"": [""Sem modelo validado retrospectivamente"", ""Sinais não são probabilidade""], ""fabricated_percent_forbidden"": true}","{""label"": ""ENGINEERING_HIGH_CONFIDENCE"", ""positive_terms"": [""infraestrutura_urbana"", ""projeto_engenharia""], ""negative_terms"": [], ""excluded_terms"": [], ""category"": ""infraestrutura"", ""subcategory"": ""infraestrutura_urbana"", ""reason"": ""objeto de engenharia aderente (pos=0.76)"", ""confidence"": 0.8400000000000001, ""textual_evidence"": ""CONTRATAÇÃO DE PESSOA JURÍDICA PARA PRESTAÇÃO DE SERVIÇOS DE ENGENHARIA COM FORNECIMENTO DE MATERIAIS, EQUIPAMENTOS E MÃO DE OBRA PARA CONSTRUÇÃO DE PORTAL DE ENTRADA E REVITALIZAÇÃO DA RUA TRENTO, BAIRRO DIVINÉIA, NO MUNICÍPIO DE RIO DOS CEDROS/SC, EM CONFORMIDADE COM O PROJETO …"", ""rule_version"": ""extra-sector-classifier/2.2.0"", ""sector_match"": true}",infraestrutura_urbana,2026-10-27,pncp_supplier_contracts,CONTRATUAL,2026-07-23,753000.0,CONTRATADO
ENGINEERING_HIGH_CONFIDENCE,[],BAIXA,LAMINA CONSTRUCOES LTDA,19534597000182,True,2025-10-28,"[""Sem modelo validado retrospectivamente"", ""Sinais não são probabilidade""]",Adequação e reforma do 7º pavimento do prédio sede para instalação de 2 (dois) gabinetes de desembargadores.,TRIBUNAL REGIONAL DO TRABALHO DA 12A.REGIAO,"{""mode"": ""EVIDENCE_CLASS"", ""methodology"": ""sinais observáveis (histórico de re-licitação do órgão, objeto recorrente, aditivos próximos do fim); NÃO percentual fabricado"", ""signals"": [], ""probability_pct"": null, ""confidence"": ""BAIXA"", ""limitations"": [""Sem modelo validado retrospectivamente"", ""Sinais não são probabilidade""], ""fabricated_percent_forbidden"": true}","{""label"": ""ENGINEERING_HIGH_CONFIDENCE"", ""positive_terms"": [""reforma_andar_predial""], ""negative_terms"": [], ""excluded_terms"": [], ""category"": ""edificacoes"", ""subcategory"": ""reformas"", ""reason"": ""objeto de engenharia aderente (pos=0.40)"", ""confidence"": 0.75, ""textual_evidence"": ""Adequação e reforma do 7º pavimento do prédio sede para instalação de 2 (dois) gabinetes de desembargadores."", ""rule_version"": ""extra-sector-classifier/2.2.0"", ""sector_match"": true}",reformas,2026-10-27,pncp_supplier_contracts,CONTRATUAL,2026-07-23,350987.5,CONTRATADO
ENGINEERING_HIGH_CONFIDENCE,[],BAIXA,ELETROTEC SISTEMAS DE ENERGIA LTDA,11796575000189,True,2026-05-27,"[""Sem modelo validado retrospectivamente"", ""Sinais não são probabilidade""]",CONTRATAÇÃO DE EMPRESA ESPECIALIZADA PARA EXECUÇÃO DE REVITALIZAÇÃO DA ILUMINAÇÃO DA PONTE ENTRE A DIVISA DE SANTA CATARINA (CHAPECÓ) COM O RIO GRANDE DO SUL (NONOAI).,Prefeitura Municipal de Chapecó,"{""mode"": ""EVIDENCE_CLASS"", ""methodology"": ""sinais observáveis (histórico de re-licitação do órgão, objeto recorrente, aditivos próximos do fim); NÃO percentual fabricado"", ""signals"": [], ""probability_pct"": null, ""confidence"": ""BAIXA"", ""limitations"": [""Sem modelo validado retrospectivamente"", ""Sinais não são probabilidade""], ""fabricated_percent_forbidden"": true}","{""label"": ""ENGINEERING_HIGH_CONFIDENCE"", ""positive_terms"": [""infraestrutura_urbana""], ""negative_terms"": [], ""excluded_terms"": [], ""category"": ""infraestrutura"", ""subcategory"": ""infraestrutura_urbana"", ""reason"": ""objeto de engenharia aderente (pos=0.38)"", ""confidence"": 0.745, ""textual_evidence"": ""CONTRATAÇÃO DE EMPRESA ESPECIALIZADA PARA EXECUÇÃO DE REVITALIZAÇÃO DA ILUMINAÇÃO DA PONTE ENTRE A DIVISA DE SANTA CATARINA (CHAPECÓ) COM O RIO GRANDE DO SUL (NONOAI)."", ""rule_version"": ""extra-sector-classifier/2.2.0"", ""sector_match"": true}",infraestrutura_urbana,2026-10-27,pncp_supplier_contracts,CONTRATUAL,2026-07-23,318000.0,CONTRATADO
ENGINEERING_REVIEW,[],BAIXA,GEOMAPA ENGENHARIA LTDA,03339646000196,True,2025-10-27,"[""Sem modelo validado retrospectivamente"", ""Sinais não são probabilidade""]","CONTRATAÇÃO DE EMPRESA ESPECIALIZADA PARA A ELABORAÇÃO DE PROJETO DE ENGENHARIA EM NÍVEL EXECUTIVO VISANDO A EXTENSÃO DE VIA ATÉ A PONTE SOBRE O RIO PIÇARRAS, BEM COMO PARA A REALIZAÇÃO DE ESTUDOS, PROGRAMAS, PLANOS E PROJETOS AMBIENTAIS, INCLUINDO COMPLEMENTAÇÕES E ACOMPANHAMENTO DOS PROCESSOS DE LICENCIAMENTO AMBIENTAL.",SECRETARIA MUNICIPAL DE PLANEJAMENTO E DESENVOLVIMENTO ECONÔMICO SUSTENTÁVEL,"{""mode"": ""EVIDENCE_CLASS"", ""methodology"": ""sinais observáveis (histórico de re-licitação do órgão, objeto recorrente, aditivos próximos do fim); NÃO percentual fabricado"", ""signals"": [], ""probability_pct"": null, ""confidence"": ""BAIXA"", ""limitations"": [""Sem modelo validado retrospectivamente"", ""Sinais não são probabilidade""], ""fabricated_percent_forbidden"": true}","{""label"": ""ENGINEERING_REVIEW"", ""positive_terms"": [""projeto_engenharia""], ""negative_terms"": [], ""excluded_terms"": [], ""category"": ""projetos_engenharia"", ""subcategory"": ""projetos"", ""reason"": ""projeto de engenharia/arquitetura — review de capacidade/CAT"", ""confidence"": 0.664, ""textual_evidence"": ""CONTRATAÇÃO DE EMPRESA ESPECIALIZADA PARA A ELABORAÇÃO DE PROJETO DE ENGENHARIA EM NÍVEL EXECUTIVO VISANDO A EXTENSÃO DE VIA ATÉ A PONTE SOBRE O RIO PIÇARRAS, BEM COMO PARA A REALIZAÇÃO DE ESTUDOS, PROGRAMAS, PLANOS E PROJETOS AMBIENTAIS, INCLUINDO COMPLEMENTAÇÕES E ACOMPANHAMENT…"", ""rule_version"": ""extra-sector-classifier/2.2.0"", ""sector_match"": true}",projetos,2026-10-27,pncp_supplier_contracts,CONTRATUAL,2026-07-23,163980.0,CONTRATADO
ENGINEERING_REVIEW,[],BAIXA,ALTITUDE ENGENHARIA LTDA,42792909000170,True,2025-10-27,"[""Sem modelo validado retrospectivamente"", ""Sinais não são probabilidade""]","Contratação de empresa especializada para elaboração de projetos técnicos necessários à reforma do salão do CTG – CENTRO DE TRADIÇOES GAÚCHAS - URUBICI contemplando: Projeto Preventivo contra Incêndio (PPCI), projeto hidrossanitário, projeto elétrico, projeto de gás, projeto de climatização, projeto estrutural (área de expansão), com todo acervo necessário, de acordo com o projeto arquitetônico em anexo.",MUNICÍPIO DE URUBICI,"{""mode"": ""EVIDENCE_CLASS"", ""methodology"": ""sinais observáveis (histórico de re-licitação do órgão, objeto recorrente, aditivos próximos do fim); NÃO percentual fabricado"", ""signals"": [], ""probability_pct"": null, ""confidence"": ""BAIXA"", ""limitations"": [""Sem modelo validado retrospectivamente"", ""Sinais não são probabilidade""], ""fabricated_percent_forbidden"": true}","{""label"": ""ENGINEERING_REVIEW"", ""positive_terms"": [""projeto_engenharia""], ""negative_terms"": [], ""excluded_terms"": [], ""category"": ""projetos_engenharia"", ""subcategory"": ""projetos"", ""reason"": ""projeto de engenharia/arquitetura — review de capacidade/CAT"", ""confidence"": 0.664, ""textual_evidence"": ""Contratação de empresa especializada para elaboração de projetos técnicos necessários à reforma do salão do CTG – CENTRO DE TRADIÇOES GAÚCHAS - URUBICI contemplando: Projeto Preventivo contra Incêndio (PPCI), projeto hidrossanitário, projeto elétrico, projeto de gás, projeto de c…"", ""rule_version"": ""extra-sector-classifier/2.2.0"", ""sector_match"": true}",projetos,2026-10-27,pncp_supplier_contracts,CONTRATUAL,2026-07-23,27000.0,CONTRATADO
ENGINEERING_HIGH_CONFIDENCE,[],BAIXA,RA PAVIMENTAÇÕES LTDA,33062208000194,True,2026-03-02,"[""Sem modelo validado retrospectivamente"", ""Sinais não são probabilidade""]","Contratação de empresa especializada para prestação de serviços de pavimentação de vias urbanas, localizadas junto ao Bairro São Miguel, localizadas nesta cidade de Fraiburgo/SC, conforme especificações deste Termo, Projetos, Memoriais Descritivos e Quantitativos (anexos ao PAL e parte dele integrante):",SECRETARIA DE INFRAESTRUTURA URBANA,"{""mode"": ""EVIDENCE_CLASS"", ""methodology"": ""sinais observáveis (histórico de re-licitação do órgão, objeto recorrente, aditivos próximos do fim); NÃO percentual fabricado"", ""signals"": [], ""probability_pct"": null, ""confidence"": ""BAIXA"", ""limitations"": [""Sem modelo validado retrospectivamente"", ""Sinais não são probabilidade""], ""fabricated_percent_forbidden"": true}","{""label"": ""ENGINEERING_HIGH_CONFIDENCE"", ""positive_terms"": [""pavimentacao""], ""negative_terms"": [], ""excluded_terms"": [], ""category"": ""infraestrutura"", ""subcategory"": ""pavimentacao"", ""reason"": ""objeto de engenharia aderente (pos=0.45)"", ""confidence"": 0.7625000000000001, ""textual_evidence"": ""Contratação de empresa especializada para prestação de serviços de pavimentação de vias urbanas, localizadas junto ao Bairro São Miguel, localizadas nesta cidade de Fraiburgo/SC, conforme especificações deste Termo, Projetos, Memoriais Descritivos e Quantitativos (anexos ao PAL e…"", ""rule_version"": ""extra-sector-classifier/2.2.0"", ""sector_match"": true}",pavimentacao,2026-10-28,pncp_supplier_contracts,CONTRATUAL,2026-07-23,2626200.0,CONTRATADO
ENGINEERING_HIGH_CONFIDENCE,[],BAIXA,FJ CONSTRUTORA LTDA,27743102000153,True,2025-10-29,"[""Sem modelo validado retrospectivamente"", ""Sinais não são probabilidade""]","CONCORRÊNCIA ELETRÔNICA PARA CONTRATAÇÃO DE EMPRESA ESPECIALIZADA PARA REALIZAR ASFALTAMENTO DAS RUAS PADRE ADALBERTO ORTHMANN, PADRE FRANZ E ALWIN WEINRICH, LOCALIZADAS NO CENTRO DO MUNICÍPIO DE PRESIDENTE GETÚLIO.","Secretaria de Educação, Esporte e Cultura","{""mode"": ""EVIDENCE_CLASS"", ""methodology"": ""sinais observáveis (histórico de re-licitação do órgão, objeto recorrente, aditivos próximos do fim); NÃO percentual fabricado"", ""signals"": [], ""probability_pct"": null, ""confidence"": ""BAIXA"", ""limitations"": [""Sem modelo validado retrospectivamente"", ""Sinais não são probabilidade""], ""fabricated_percent_forbidden"": true}","{""label"": ""ENGINEERING_HIGH_CONFIDENCE"", ""positive_terms"": [""asfalto""], ""negative_terms"": [], ""excluded_terms"": [], ""category"": ""infraestrutura"", ""subcategory"": ""pavimentacao"", ""reason"": ""objeto de engenharia aderente (pos=0.40)"", ""confidence"": 0.75, ""textual_evidence"": ""CONCORRÊNCIA ELETRÔNICA PARA CONTRATAÇÃO DE EMPRESA ESPECIALIZADA PARA REALIZAR ASFALTAMENTO DAS RUAS PADRE ADALBERTO ORTHMANN, PADRE FRANZ E ALWIN WEINRICH, LOCALIZADAS NO CENTRO DO MUNICÍPIO DE PRESIDENTE GETÚLIO."", ""rule_version"": ""extra-sector-classifier/2.2.0"", ""sector_match"": true}",pavimentacao,2026-10-28,pncp_supplier_contracts,CONTRATUAL,2026-07-23,1050000.0,CONTRATADO
ENGINEERING_HIGH_CONFIDENCE,[],BAIXA,J.M.A TERRAPLANAGEM LTDA,43637217000110,True,2025-12-02,"[""Sem modelo validado retrospectivamente"", ""Sinais não são probabilidade""]","Pavimentação em pedras irregulares de basalto nas Ruas ""A"" Trecho II, ""B"" Trecho III e ""H"" no Bairro Nossa Senhora Aparecida.",SECRETARIA DE INFRAESTRUTURA URBANA,"{""mode"": ""EVIDENCE_CLASS"", ""methodology"": ""sinais observáveis (histórico de re-licitação do órgão, objeto recorrente, aditivos próximos do fim); NÃO percentual fabricado"", ""signals"": [], ""probability_pct"": null, ""confidence"": ""BAIXA"", ""limitations"": [""Sem modelo validado retrospectivamente"", ""Sinais não são probabilidade""], ""fabricated_percent_forbidden"": true}","{""label"": ""ENGINEERING_HIGH_CONFIDENCE"", ""positive_terms"": [""pavimentacao""], ""negative_terms"": [], ""excluded_terms"": [], ""category"": ""infraestrutura"", ""subcategory"": ""pavimentacao"", ""reason"": ""objeto de engenharia aderente (pos=0.45)"", ""confidence"": 0.7625000000000001, ""textual_evidence"": ""Pavimentação em pedras irregulares de basalto nas Ruas \""A\"" Trecho II, \""B\"" Trecho III e \""H\"" no Bairro Nossa Senhora Aparecida."", ""rule_version"": ""extra-sector-classifier/2.2.0"", ""sector_match"": true}",pavimentacao,2026-10-28,pncp_supplier_contracts,CONTRATUAL,2026-07-23,589998.72,CONTRATADO
ENGINEERING_HIGH_CONFIDENCE,[],BAIXA,CONSTRUTORA SCHROEDER E SCHMIDT LTDA,43887548000108,True,2025-10-28,"[""Sem modelo validado retrospectivamente"", ""Sinais não são probabilidade""]",Execução de serviços de engenharia para Manutenção Predial e Civil das edificações do município de Indaial e de seus fundos e fundações.,Fundação Municipal de Esportes - Fme,"{""mode"": ""EVIDENCE_CLASS"", ""methodology"": ""sinais observáveis (histórico de re-licitação do órgão, objeto recorrente, aditivos próximos do fim); NÃO percentual fabricado"", ""signals"": [], ""probability_pct"": null, ""confidence"": ""BAIXA"", ""limitations"": [""Sem modelo validado retrospectivamente"", ""Sinais não são probabilidade""], ""fabricated_percent_forbidden"": true}","{""label"": ""ENGINEERING_HIGH_CONFIDENCE"", ""positive_terms"": [""manutencao_predial"", ""obra_engenharia""], ""negative_terms"": [], ""excluded_terms"": [], ""category"": ""obras_civis"", ""subcategory"": ""obras_civis"", ""reason"": ""objeto de engenharia aderente (pos=0.83)"", ""confidence"": 0.8575, ""textual_evidence"": ""Execução de serviços de engenharia para Manutenção Predial e Civil das edificações do município de Indaial e de seus fundos e fundações."", ""rule_version"": ""extra-sector-classifier/2.2.0"", ""sector_match"": true}",obras_civis,2026-10-28,pncp_supplier_contracts,CONTRATUAL,2026-07-23,134268.71,CONTRATADO
ENGINEERING_HIGH_CONFIDENCE,[],BAIXA,R3 PRESTACAO DE SERVICOS LTDA,15371451000102,True,2026-04-28,"[""Sem modelo validado retrospectivamente"", ""Sinais não são probabilidade""]","Contratação de empresa especializada para execução de pavimentação nos estacionamentos centrais do Município, com fornecimento de matérias e mão de obra, conforme descritos no projeto, memorial descritivo e termo de referência (Anexo “II”) do presente edital.",Prefeitura Municipal de Catanduvas,"{""mode"": ""EVIDENCE_CLASS"", ""methodology"": ""sinais observáveis (histórico de re-licitação do órgão, objeto recorrente, aditivos próximos do fim); NÃO percentual fabricado"", ""signals"": [], ""probability_pct"": null, ""confidence"": ""BAIXA"", ""limitations"": [""Sem modelo validado retrospectivamente"", ""Sinais não são probabilidade""], ""fabricated_percent_forbidden"": true}","{""label"": ""ENGINEERING_HIGH_CONFIDENCE"", ""positive_terms"": [""pavimentacao""], ""negative_terms"": [], ""excluded_terms"": [], ""category"": ""infraestrutura"", ""subcategory"": ""pavimentacao"", ""reason"": ""objeto de engenharia aderente (pos=0.45)"", ""confidence"": 0.7625000000000001, ""textual_evidence"": ""Contratação de empresa especializada para execução de pavimentação nos estacionamentos centrais do Município, com fornecimento de matérias e mão de obra, conforme descritos no projeto, memorial descritivo e termo de referência (Anexo “II”) do presente edital."", ""rule_version"": ""extra-sector-classifier/2.2.0"", ""sector_match"": true}",pavimentacao,2026-10-28,pncp_supplier_contracts,CONTRATUAL,2026-07-23,0.0,CONTRATADO
ENGINEERING_HIGH_CONFIDENCE,[],BAIXA,CONSTRUCOES SCHOROEDER LTDA,10249046000100,True,2026-04-29,"[""Sem modelo validado retrospectivamente"", ""Sinais não são probabilidade""]","Contratação de empresa para execução de projeto de construção da obra de pavimentação asfáltica e drenagem da Estrada Geral Fazenda de Dentro (Rua Manoel Mendes), Localidade de Fazenda de Dentro,Biguaçu/SC",Secretaria Municipal de Planejamento,"{""mode"": ""EVIDENCE_CLASS"", ""methodology"": ""sinais observáveis (histórico de re-licitação do órgão, objeto recorrente, aditivos próximos do fim); NÃO percentual fabricado"", ""signals"": [], ""probability_pct"": null, ""confidence"": ""BAIXA"", ""limitations"": [""Sem modelo validado retrospectivamente"", ""Sinais não são probabilidade""], ""fabricated_percent_forbidden"": true}","{""label"": ""ENGINEERING_HIGH_CONFIDENCE"", ""positive_terms"": [""pavimentacao"", ""asfalto""], ""negative_terms"": [], ""excluded_terms"": [], ""category"": ""infraestrutura"", ""subcategory"": ""pavimentacao"", ""reason"": ""objeto de engenharia aderente (pos=0.85)"", ""confidence"": 0.8625, ""textual_evidence"": ""Contratação de empresa para execução de projeto de construção da obra de pavimentação asfáltica e drenagem da Estrada Geral Fazenda de Dentro (Rua Manoel Mendes), Localidade de Fazenda de Dentro,Biguaçu/SC"", ""rule_version"": ""extra-sector-classifier/2.2.0"", ""sector_match"": true}",pavimentacao,2026-10-29,pncp_supplier_contracts,CONTRATUAL,2026-07-23,1325157.3,CONTRATADO
ENGINEERING_HIGH_CONFIDENCE,[],BAIXA,EPG ENGENHARIA E CONSTRUCOES LTDA,34605142000102,True,2025-10-29,"[""Sem modelo validado retrospectivamente"", ""Sinais não são probabilidade""]",CONTRATAÇÃO DE EMPRESA ESPECIALIZADA PARA EXECUÇÃO DE RECUPERAÇÃO DE PAVIMENTAÇÃO ASFÁLTICA NA RUA AUGUSTO KUCHLER.,PREFEITURA MUNICIPAL DE BELA VISTA DO TOLDO - SC,"{""mode"": ""EVIDENCE_CLASS"", ""methodology"": ""sinais observáveis (histórico de re-licitação do órgão, objeto recorrente, aditivos próximos do fim); NÃO percentual fabricado"", ""signals"": [], ""probability_pct"": null, ""confidence"": ""BAIXA"", ""limitations"": [""Sem modelo validado retrospectivamente"", ""Sinais não são probabilidade""], ""fabricated_percent_forbidden"": true}","{""label"": ""ENGINEERING_HIGH_CONFIDENCE"", ""positive_terms"": [""pavimentacao"", ""asfalto""], ""negative_terms"": [], ""excluded_terms"": [], ""category"": ""infraestrutura"", ""subcategory"": ""pavimentacao"", ""reason"": ""objeto de engenharia aderente (pos=0.85)"", ""confidence"": 0.8625, ""textual_evidence"": ""CONTRATAÇÃO DE EMPRESA ESPECIALIZADA PARA EXECUÇÃO DE RECUPERAÇÃO DE PAVIMENTAÇÃO ASFÁLTICA NA RUA AUGUSTO KUCHLER."", ""rule_version"": ""extra-sector-classifier/2.2.0"", ""sector_match"": true}",pavimentacao,2026-10-29,pncp_supplier_contracts,CONTRATUAL,2026-07-23,598403.21,CONTRATADO
ENGINEERING_HIGH_CONFIDENCE,[],BAIXA,BELGA CONSTRUCOES LTDA,81537672000132,True,2024-10-29,"[""Sem modelo validado retrospectivamente"", ""Sinais não são probabilidade""]","Contratação de empresa especializada para execução de pavimentação em Piso Intertravado, localizado Rua Emilio Figueiredo, no bairro Itinga no município de Araquari incluindo Drenagem Pluvial e Sinalização, com fornecimento de todos os materiais necessários a execução da obra",Secretaria de Administração,"{""mode"": ""EVIDENCE_CLASS"", ""methodology"": ""sinais observáveis (histórico de re-licitação do órgão, objeto recorrente, aditivos próximos do fim); NÃO percentual fabricado"", ""signals"": [], ""probability_pct"": null, ""confidence"": ""BAIXA"", ""limitations"": [""Sem modelo validado retrospectivamente"", ""Sinais não são probabilidade""], ""fabricated_percent_forbidden"": true}","{""label"": ""ENGINEERING_HIGH_CONFIDENCE"", ""positive_terms"": [""pavimentacao"", ""drenagem""], ""negative_terms"": [], ""excluded_terms"": [], ""category"": ""infraestrutura"", ""subcategory"": ""pavimentacao"", ""reason"": ""objeto de engenharia aderente (pos=0.87)"", ""confidence"": 0.8675, ""textual_evidence"": ""Contratação de empresa especializada para execução de pavimentação em Piso Intertravado, localizado Rua Emilio Figueiredo, no bairro Itinga no município de Araquari incluindo Drenagem Pluvial e Sinalização, com fornecimento de todos os materiais necessários a execução da obra"", ""rule_version"": ""extra-sector-classifier/2.2.0"", ""sector_match"": true}",pavimentacao,2026-10-29,pncp_supplier_contracts,CONTRATUAL,2026-07-22,370000.0,CONTRATADO
ENGINEERING_HIGH_CONFIDENCE,[],BAIXA,MAGUI TRANSPORTES LTDA,06865712000150,True,2025-10-29,"[""Sem modelo validado retrospectivamente"", ""Sinais não são probabilidade""]","Contratação de empresa especializada em serviços de engenharia necessários à execução de pavimentação rural poliédrica na EMNI 003 e EMNI 023 - Linha Bela Vista da Taquara, processo SCC 00005510/2025.",Departamento de Urbanismo,"{""mode"": ""EVIDENCE_CLASS"", ""methodology"": ""sinais observáveis (histórico de re-licitação do órgão, objeto recorrente, aditivos próximos do fim); NÃO percentual fabricado"", ""signals"": [], ""probability_pct"": null, ""confidence"": ""BAIXA"", ""limitations"": [""Sem modelo validado retrospectivamente"", ""Sinais não são probabilidade""], ""fabricated_percent_forbidden"": true}","{""label"": ""ENGINEERING_HIGH_CONFIDENCE"", ""positive_terms"": [""pavimentacao""], ""negative_terms"": [], ""excluded_terms"": [], ""category"": ""infraestrutura"", ""subcategory"": ""pavimentacao"", ""reason"": ""objeto de engenharia aderente (pos=0.45)"", ""confidence"": 0.7625000000000001, ""textual_evidence"": ""Contratação de empresa especializada em serviços de engenharia necessários à execução de pavimentação rural poliédrica na EMNI 003 e EMNI 023 - Linha Bela Vista da Taquara, processo SCC 00005510/2025."", ""rule_version"": ""extra-sector-classifier/2.2.0"", ""sector_match"": true}",pavimentacao,2026-10-29,pncp_supplier_contracts,CONTRATUAL,2026-07-23,358000.12,CONTRATADO
ENGINEERING_REVIEW,[],BAIXA,"LUMINORTE INSTALACAO, MANUTENCAO E COMERCIO DE MATERIAIS ELETRICOS LTDA",40627004000119,True,2025-10-29,"[""Sem modelo validado retrospectivamente"", ""Sinais não são probabilidade""]","CONTRATAÇÃO DE EMPRESA ESPECIALIZADA PARA EXECUÇÃO DE ADEQUAÇÃO DA INFRAESTRUTURA ELÉTRICA E SUBSTITUIÇÃO DO PADRÃO ELÉTRICO DE ENTRADA ATUAL   - SUBESTAÇÃO 300 KVA DA FUNDAÇÃO HOSPITALAR DR. JOSÉ ATHANÁZIO, COM FORNECIMENTO DE MÃO DE OBRA E MATERIAIS, CONFORME PROJETO BÁSICO",FUNDAÇÃO HOSPITALAR DR JOSÉ ATHANAZIO,"{""mode"": ""EVIDENCE_CLASS"", ""methodology"": ""sinais observáveis (histórico de re-licitação do órgão, objeto recorrente, aditivos próximos do fim); NÃO percentual fabricado"", ""signals"": [], ""probability_pct"": null, ""confidence"": ""BAIXA"", ""limitations"": [""Sem modelo validado retrospectivamente"", ""Sinais não são probabilidade""], ""fabricated_percent_forbidden"": true}","{""label"": ""ENGINEERING_REVIEW"", ""positive_terms"": [""projeto_engenharia""], ""negative_terms"": [], ""excluded_terms"": [], ""category"": ""projetos_engenharia"", ""subcategory"": ""projetos"", ""reason"": ""projeto de engenharia/arquitetura — review de capacidade/CAT"", ""confidence"": 0.664, ""textual_evidence"": ""CONTRATAÇÃO DE EMPRESA ESPECIALIZADA PARA EXECUÇÃO DE ADEQUAÇÃO DA INFRAESTRUTURA ELÉTRICA E SUBSTITUIÇÃO DO PADRÃO ELÉTRICO DE ENTRADA ATUAL   - SUBESTAÇÃO 300 KVA DA FUNDAÇÃO HOSPITALAR DR. JOSÉ ATHANÁZIO, COM FORNECIMENTO DE MÃO DE OBRA E MATERIAIS, CONFORME PROJETO BÁSICO"", ""rule_version"": ""extra-sector-classifier/2.2.0"", ""sector_match"": true}",projetos,2026-10-29,pncp_supplier_contracts,CONTRATUAL,2026-07-23,242900.0,CONTRATADO
