consultado,data_quality_limitation,data_quality_score,fontes,frequencia_temporal,metric_basis,modalidades,orgao,orgao_cnpj,periodo_fim,periodo_inicio,qtd_contratacoes,rank,raw_prefilter_qtd,resultado_zero,sample_engineering_ratio,sample_objetos,ticket_medio,ticket_medio_formula,tipos_obra,uf,valor_semantica,valor_total
True,data_quality_score=0.85 < 1.0 — ranking may over-represent entes with richer source data; not a pure market measure,0.85,"[""pncp_supplier_contracts"", ""isolated_snapshot"", ""engineering_reclassified""]",127 eventos no período (2023-07-20..2026-07-23),engineering_reclassified_samples,{},DEPARTAMENTO DE OBRAS E SERVIÇOS URBANOS,82911249000113,2026-07-23,2023-07-20,127,1,152,False,0.833,"[""A CONTRATAÇÃO DE EMPRESA DO RAMO PERTINENTE OBJETIVANDO A IMPLANTAÇÃO, AMPLIAÇÃO E MANUTENÇÃO DOS SISTEMAS DE DRENAGEM PLUVIAL DO MUNICÍPIO DE ARARANGUÁ/SC, COM A RECONSTITUIÇÃO DO PAVIMENTO, DO LOTE "", ""A CONTRATAÇÃO DE SERVIÇOS DO LOTE 01 PARA IMPLANTAÇÃO E AMPLIAÇÃO DA DRENAGEM PLUVIAL E O REASSENTAMENTO DO PAVIMENTO EXISTENTE DA ÁREA DO CONSERTO, NOS MAIS DIVERSOS LOCAIS DO MUNICÍPIO DE ARARANGUÁ/"", ""A CONTRATAÇÃO DE SERVIÇOS DO LOTE 02 PARA IMPLANTAÇÃO E AMPLIAÇÃO DA DRENAGEM PLUVIAL E O REASSENTAMENTO DO PAVIMENTO EXISTENTE DA ÁREA DO CONSERTO, NOS MAIS DIVERSOS LOCAIS DO MUNICÍPIO DE ARARANGUÁ/""]",641067.59,valor_total / qtd_contratacoes (same semantic as valor_total),"[""drenagem"", ""pavimentacao""]",SC,CONTRATADO,81415583.44
True,data_quality_score=0.85 < 1.0 — ranking may over-represent entes with richer source data; not a pure market measure,0.85,"[""pncp_supplier_contracts"", ""isolated_snapshot"", ""engineering_reclassified""]",92 eventos no período (2023-07-20..2026-07-23),engineering_reclassified_samples,{},SECRETARIA DE INFRAESTRUTURA URBANA,95815379000102,2026-07-23,2023-07-20,92,2,100,False,0.917,"[""\""AQUISIÇÃO DE MATERIAIS PARA MANUTENÇÃO E PAVIMENTAÇÃO DE RUAS E VALAS DO MUNICÍPIO DE BOMBINHAS\""."", ""Aquisição de mini escavadeira e pá carregadeira, novas, destinadas a atender às demandas operacionais da Secretaria Municipal de Infraestrutura Urbana do Município de Bombinhas/SC, visando ao apoio às"", ""CONTRATAÇÃ DE EMPRESA PARA PAVIMENTAÇÃO DO GALPÃO DA SECRETARIA DE OBRAS DO MUNICÍPIO DE BOMBINHAS.""]",150495.41,valor_total / qtd_contratacoes (same semantic as valor_total),"[""drenagem"", ""infraestrutura_urbana"", ""pavimentacao""]",SC,CONTRATADO,13845577.62
True,data_quality_score=0.85 < 1.0 — ranking may over-represent entes with richer source data; not a pure market measure,0.85,"[""pncp_supplier_contracts"", ""isolated_snapshot"", ""engineering_reclassified""]",46 eventos no período (2023-07-20..2026-07-23),engineering_reclassified_samples,{},PREFEITURA MUNICIPAL DE IÇARA - SC,82916800000111,2026-07-23,2023-07-20,46,3,92,False,0.5,"[""CONTRATAÇÃO DA COMPANHIA CATARINENSE DE ÁGUAS E SANEAMENTO (CASAN) PARA PRESTAÇÃO DE SERVIÇOS DE ABASTECIMENTO DE ÁGUA POTÁVEL E DE ESGOTAMENTO SANITÁRIO (COLETA E TRATAMENTO) VISANDO ATENDER ÀS NECES"", ""CONTRATAÇÃO DE EMPRESA ESPECIALIZADA PARA A EXECUÇÃO DE AMPLIAÇÃO DE EDIFICAÇÃO PARA O CENTRO DE EDUCAÇÃO INFANTIL (CEI) DO BAIRRO ESPLANADA, CONFORME ESPECIFICAÇÕES DETALHADAS NO PROJETO BÁSICO."", ""CONTRATAÇÃO DE EMPRESA ESPECIALIZADA PARA A EXECUÇÃO DE OBRAS DE PAVIMENTAÇÃO ASFÁLTICA DA RODOVIA LINHA TRÊS RIBEIRÕES – ICR 250 NO TRECHO ENTRE AS ESTACAS 0PP+0,00 A 66+0,00.""]",637806.2,valor_total / qtd_contratacoes (same semantic as valor_total),"[""edificacoes"", ""pavimentacao"", ""saneamento""]",SC,CONTRATADO,29339085.2
True,data_quality_score=0.85 < 1.0 — ranking may over-represent entes with richer source data; not a pure market measure,0.85,"[""pncp_supplier_contracts"", ""isolated_snapshot"", ""engineering_reclassified""]",76 eventos no período (2023-07-20..2026-07-23),engineering_reclassified_samples,{},Secretaria de Planejamento e Infraestrutura e Saneamento,82892316000108,2026-07-23,2023-07-20,76,4,91,False,0.833,"[""Contratação de Empresa Especializada para Execução de Drenagem, Pavimentação Asfáltica e Sinalização Viária da Rua Aníbal Nunes Pires, localizada no Bairro Ponte do Imaruim, Palhoça/SC, incluindo forn"", ""Contratação de empresa especializada para Execução de Drenagem, Pavimentação Asfáltica e Sinalização Viária da Rua José João Barcelos, trecho entre os Bairros Caminho Novo e Bela Vista, Palhoça/SC., i"", ""Contratação de Empresa Especializada para Execução de Pavimentação Asfáltica, Sinalização viária e Substituição de rede de água da Rua José Cosme Pamplona, localizada no Bairro Bela Vista, Palhoça/SC,""]",687246.92,valor_total / qtd_contratacoes (same semantic as valor_total),"[""drenagem"", ""pavimentacao""]",SC,CONTRATADO,52230765.58
True,data_quality_score=0.85 < 1.0 — ranking may over-represent entes with richer source data; not a pure market measure,0.85,"[""pncp_supplier_contracts"", ""isolated_snapshot"", ""engineering_reclassified""]",42 eventos no período (2023-07-20..2026-07-23),engineering_reclassified_samples,{},MUNICÍPIO DE SÃO JOÃO DO OESTE,80911936000103,2026-07-23,2023-07-20,42,5,83,False,0.5,"[""Contratação de consórcio público multifinalitário para execução de pavimentação asfáltica de via pública, localizada em Linha Ervalzinho, município de São João do Oeste/SC, de acordo com os projetos, "", ""Contratação de empresa especializada para execução de obra de engenharia destinada à implantação de pavimentação asfáltica da Estrada Linha Jaboticaba, compreendendo a execução dos serviços de terrapl"", ""Contratação de empresa para prestação de serviços de mão de obra com fornecimento de materiais e equipamentos para execução da Pavimentação asfáltica, drenagem pluvial e sinalização viária de trechos ""]",286093.28,valor_total / qtd_contratacoes (same semantic as valor_total),"[""obras_civis"", ""pavimentacao"", ""saneamento""]",SC,CONTRATADO,12015917.73
True,data_quality_score=0.85 < 1.0 — ranking may over-represent entes with richer source data; not a pure market measure,0.85,"[""pncp_supplier_contracts"", ""isolated_snapshot"", ""engineering_reclassified""]",47 eventos no período (2023-07-20..2026-07-23),engineering_reclassified_samples,{},Serviço Municipal de Água Saneamento Básico e Infraestrutura - SEMASA,05472936000139,2026-07-23,2023-07-20,47,6,80,False,0.583,"[""Aquisição de eletrodo PH/temp Intellical cabo 1m (marca Hach) para laboratório de qualidade da Estação de Tratamento de Água (ETA) do Serviço Municipal de Água, Saneamento Básico e Infraestrutura – SE"", ""Aquisição de equipamentos para desinfecção e fluoretação de águas para uso em poços do Serviço Municipal de Água, Saneamento Básico e Infraestrutura – SEMASA – de Itajaí/SC. Processo de origem: 2025-E"", ""Aquisição de insumos, reagentes, vidrarias e materiais para análises nos laboratórios da Estação de Tratamento de Esgoto Cidade Nova e da Estação de Tratamento de Água São Roque do SEMASA - Itajaí/SC.""]",735418.36,valor_total / qtd_contratacoes (same semantic as valor_total),"[""saneamento""]",SC,CONTRATADO,34564663.05
True,data_quality_score=0.85 < 1.0 — ranking may over-represent entes with richer source data; not a pure market measure,0.85,"[""pncp_supplier_contracts"", ""isolated_snapshot"", ""engineering_reclassified""]",48 eventos no período (2023-07-20..2026-07-23),engineering_reclassified_samples,{},Consórcio Interfederativo Santa Catarina - CINCATARINA,12075748000132,2026-07-23,2023-07-20,48,7,80,False,0.6,"[""Execucao de servicos de Projetos de Pavimentacao"", ""Execucao de servicos de Projetos de Pavimentacao."", ""REGISTRO DE PREÇO NA MODALIDADE PREGÃO PARA FUTURA E EVENTUAL CONTRATAÇÃO, COM FORNECIMENTO PARCELADO, DE PROJETOS DE PAVIMENTAÇÃO PARA USO DOS ÓRGÃOS OU ENTIDADES DOS ENTES CONSORCIADOS, COOPERADOS O""]",64055.15,valor_total / qtd_contratacoes (same semantic as valor_total),"[""pavimentacao""]",SC,CONTRATADO,3074647.15
True,,1.0,"[""pncp_supplier_contracts"", ""isolated_snapshot"", ""engineering_reclassified""]",76 eventos no período (2023-07-20..2026-07-23),engineering_reclassified_samples,{},Secretaria de Infraestrutura,83102574000106,2026-07-23,2023-07-20,76,8,76,False,1.0,"[""Contratação de empresa especializada para execução de obras de pavimentação asfáltica, drenagem pluvial e sinalização viária na Estrada Navegantes, Bairro Navegantes, Rio do Sul/SC."", ""Contratação de empresa especializada para execução de obras de pavimentação asfáltica, drenagem pluvial e sinalização viária na Rua: Antônio Dolzani, Bairro: Valada São Paulo, Rio do Sul - SC."", ""CONTRATAÇÃO DE EMPRESA ESPECIALIZADA PARA EXECUÇÃO DE OBRAS DE PAVIMENTAÇÃO ASFÁLTICA, DRENAGEM PLUVIAL E SINALIZAÇÃO VIÁRIA NA RUA: CARLOS CHAGAS, BAIRRO: SUMARÉ, RIO DO SUL - SC.""]",683055.49,valor_total / qtd_contratacoes (same semantic as valor_total),"[""pavimentacao""]",SC,CONTRATADO,51912217.48
True,data_quality_score=0.85 < 1.0 — ranking may over-represent entes with richer source data; not a pure market measure,0.85,"[""pncp_supplier_contracts"", ""isolated_snapshot"", ""engineering_reclassified""]",36 eventos no período (2023-07-20..2026-07-23),engineering_reclassified_samples,{},MUNICÍPIO DE CAMPOS NOVOS,82939232000174,2026-07-23,2023-07-20,36,9,71,False,0.5,"[""CONTRATAÇÃO DE EMPRESA ESPECIALIZADA PARA A EXECUÇÃO DE OBRA DE PAVIMENTAÇÃO ASFÁLTICA NOS TRECHOS II E III DE ACESSO AO GUARANI E NO TRECHO V DE ACESSO AO CAXAMBU, NA RODOVIA MUNICIPAL Nº 70, LOCALIZ"", ""CONTRATAÇÃO DE EMPRESA ESPECIALIZADA PARA EXECUÇÃO DE OBRA DE PAVIMENTAÇÃO ASFÁLTICA DO ACESSO A LOCALIDADE DO GUARANI - TRECHO I, LOCALIZADA NA ÁREA RURAL DO MUNICÍPIO DE CAMPOS NOVOS/SC ."", ""CONTRATAÇÃO DE EMPRESA ESPECIALIZADA PARA EXECUÇÃO DE OBRA DE PAVIMENTAÇÃO ASFÁLTICA DO TRECHO II DE EMENDA DA RODOVIA MUNICIPAL N° 70 - CAXAMBU, LOCALIZADA NA ÁREA RURAL DO MUNICÍPIO DE CAMPOS NOVOS/""]",451509.31,valor_total / qtd_contratacoes (same semantic as valor_total),"[""pavimentacao""]",SC,CONTRATADO,16254335.2
True,data_quality_score=0.85 < 1.0 — ranking may over-represent entes with richer source data; not a pure market measure,0.85,"[""pncp_supplier_contracts"", ""isolated_snapshot"", ""engineering_reclassified""]",36 eventos no período (2023-07-20..2026-07-23),engineering_reclassified_samples,{},PREFEITURA,82916826000160,2026-07-23,2023-07-20,36,10,62,False,0.583,"[""Contratação de empresa especializada em prestação de serviços de hidrojateamento para desobstrução de rede de esgoto, sucção para limpeza de resíduos de fossa séptica e transporte de água para atender"", ""Contratação de empresa especializada em prestação de serviços de hidrojateamento para desobstrução de rede de esgoto, sucção para limpeza de resíduos de fossa séptica e transporte de água potável para"", ""Contratação de empresa especializada para elaboração de projetos de pavimentação asfáltica ou lajotas, drenagem pluvial e sinalização viária de ruas para o município de Nova Veneza/SC.""]",444022.73,valor_total / qtd_contratacoes (same semantic as valor_total),"[""drenagem"", ""pavimentacao"", ""saneamento""]",SC,CONTRATADO,15984818.22
True,data_quality_score=0.85 < 1.0 — ranking may over-represent entes with richer source data; not a pure market measure,0.85,"[""pncp_supplier_contracts"", ""isolated_snapshot"", ""engineering_reclassified""]",40 eventos no período (2023-07-20..2026-07-23),engineering_reclassified_samples,{},MUNICÍPIO DE PAULO LOPES,82892365000132,2026-07-23,2023-07-20,40,11,60,False,0.667,"[""Contratação de empresa especializada, no regime de empreitada por preço unitário (material + mão-de-obra), para execução de obra de PAVIMENTAÇÃO ASFÁLTICA (CBUQ), DRENAGEM E SINALIZAÇÃO DA ESTRADA GER"", ""Contratação de empresa especializada, no regime de empreitada por preço unitário (material + mão-de-obra), para execução de obra de PAVIMENTAÇÃO ASFÁLTICA (CBUQ), DRENAGEM E SINALIZAÇÃO VIÁRIA DA ESTR"", ""Contratação de empresa especializada, no regime de empreitada por preço unitário (material + mão-de-obra), para execução de obra de PAVIMENTAÇÃO ASFÁLTICA (CBUQ), DRENAGEM E SINALIZAÇÃO VIÁRIA DA RUA ""]",360743.77,valor_total / qtd_contratacoes (same semantic as valor_total),"[""pavimentacao""]",SC,CONTRATADO,14429750.75
True,data_quality_score=0.85 < 1.0 — ranking may over-represent entes with richer source data; not a pure market measure,0.85,"[""pncp_supplier_contracts"", ""isolated_snapshot"", ""engineering_reclassified""]",38 eventos no período (2023-07-20..2026-07-23),engineering_reclassified_samples,{},Diretoria de Obras e Serviços Públicos,82960758000136,2026-07-23,2023-07-20,38,12,57,False,0.667,"[""Contratação de empresa para execução das obras de drenagem, terraplanagem e reforço de subleito de trechos da Av. Afonso Possamai Della e Av. Egídio Tomasi, nos bairros Centro e Bela Vista, no municíp"", ""Contratação de empresa para execução das obras de reconstrução de pavimentação asfáltica, drenagem e contenção da estrada municipal Pinheirinho do Meio, no município de Jacinto Machado/SC (obras e açõ"", ""Contratação de empresa para execução das obras de terraplanagem, reforço de sub-leito e sub-base para futura pavimentação da estrada municipal Água Branca, com extensão de 2,30 km, no município de Jac""]",662488.68,valor_total / qtd_contratacoes (same semantic as valor_total),"[""edificacoes"", ""pavimentacao"", ""terraplenagem""]",SC,CONTRATADO,25174569.68
True,data_quality_score=0.85 < 1.0 — ranking may over-represent entes with richer source data; not a pure market measure,0.85,"[""pncp_supplier_contracts"", ""isolated_snapshot"", ""engineering_reclassified""]",31 eventos no período (2023-07-20..2026-07-23),engineering_reclassified_samples,{},Prefeitura Municipal de Chapecó,83021808000182,2026-07-23,2023-07-20,31,13,53,False,0.583,"[""AQUISIÇÃO DE TUBOS E GALERIAS DE CONCRETO PARA MANUTENÇÃO DA REDE DE DRENAGEM PLUVIAL DO MUNICÍPIO"", ""CONSTRUÇÃO DE EDIFICAÇÃO DESTINADA AO FUNCIONAMENTO DA CIDADE DO AUTISTA NO MUNICÍPIO DE CHAPECÓ-SC"", ""CONTRATAÇÃO DE EMPRESA ESPECIALIZADA EM PAVIMENTAÇÃO ASFÁLTICA PARA OS TRECHOS DAS RUAS TUPINAMBÁS, HEITOR VILLA LOBOS E DA MARGINAL PLÍNIO ARLINDO DE NÊS, SITUADAS NO MUNICÍPIO DE CHAPECÓ-SC.""]",2425341.14,valor_total / qtd_contratacoes (same semantic as valor_total),"[""drenagem"", ""edificacoes"", ""infraestrutura_urbana"", ""pavimentacao""]",SC,CONTRATADO,75185575.24
True,data_quality_score=0.85 < 1.0 — ranking may over-represent entes with richer source data; not a pure market measure,0.85,"[""pncp_supplier_contracts"", ""isolated_snapshot"", ""engineering_reclassified""]",42 eventos no período (2023-07-20..2026-07-23),engineering_reclassified_samples,{},PREFEITURA MUNICIPAL DE FORQUILHINHA - SC,81531162000158,2026-07-23,2023-07-20,42,14,50,False,0.833,"[""A presente licitação tem por objetivo a contratação de empresa do ramo pertinente para a implantação da infraestrutura viária com a execução da pavimentação de 1.340,00 metros de extensão, compostas p"", ""A presente licitação tem por objetivo a contratação de empresa do ramo pertinente para a implantação da infraestrutura viária com a execução da pavimentação de 178,52 metros da Rua Joaquim Tomazi, no "", ""A presente licitação tem por objetivo a contratação de empresa especializada em serviços de terraplanagem para as matrículas 17.029, 16.063 e 5.223, totalizando uma área de 15.459,85m², localizadas na""]",1415559.0,valor_total / qtd_contratacoes (same semantic as valor_total),"[""manutencao_predial"", ""pavimentacao"", ""terraplenagem""]",SC,CONTRATADO,59453477.8
True,data_quality_score=0.85 < 1.0 — ranking may over-represent entes with richer source data; not a pure market measure,0.85,"[""pncp_supplier_contracts"", ""isolated_snapshot"", ""engineering_reclassified""]",27 eventos no período (2023-07-20..2026-07-23),engineering_reclassified_samples,{},SECRETARIA DE ADMINISTRAÇÃO E PLANEJAMENTO,01613120000127,2026-07-23,2023-07-20,27,15,50,False,0.545,"[""A presente Licitação tem por objeto a Aquisição de materiais e contratação de mão-de-obra para execução de Pavimentação asfáltica da Avenida 29 de novembro - Trecho 05 - Estaca 28+2,50m a Estaca 55+9,"", ""Constitui objeto do presente Edital o Credenciamento de pessoa jurídica e pessoa física, para prestação de Serviços de Mão de Obra de Pintor e Eletricista, para manutenção predial em obras de construç"", ""Constitui objeto do presente termo de inexigibilidade a contratação de prestador de serviços de Mão de Obra de Eletricista para manutenção predial em obras de construção/recuperação/reconstrução/refor""]",102959.31,valor_total / qtd_contratacoes (same semantic as valor_total),"[""manutencao_predial"", ""pavimentacao""]",SC,CONTRATADO,2779901.25
True,data_quality_score=0.85 < 1.0 — ranking may over-represent entes with richer source data; not a pure market measure,0.85,"[""pncp_supplier_contracts"", ""isolated_snapshot"", ""engineering_reclassified""]",31 eventos no período (2023-07-20..2026-07-23),engineering_reclassified_samples,{},Sombrio,82963216000117,2026-07-23,2023-07-20,31,16,47,False,0.667,"[""O objeto da presente dispensa é a prestação de serviços de projeto de implementação de pavimentação da Av. Luiz Carlos Coelho, nos bairros Januária e Guarita, no âmbito do município de Sombrio-SC, con"", ""O objeto da presente dispensa é o serviço de reforma e pavimentação da praça da Associação de Moradores Nova Brasília, no município de Sombrio/SC, conforme condições, quantidades e exigências estabele"", ""O objeto da presente licitação é a eventual contratação de serviços execução de pavimentação asfáltica com CBUQ de Ruas e Rodovias Municipais, no município de Sombrio/SC, conforme condições, quantidad""]",1038227.05,valor_total / qtd_contratacoes (same semantic as valor_total),"[""pavimentacao""]",SC,CONTRATADO,32185038.42
True,data_quality_score=0.85 < 1.0 — ranking may over-represent entes with richer source data; not a pure market measure,0.85,"[""pncp_supplier_contracts"", ""isolated_snapshot"", ""engineering_reclassified""]",26 eventos no período (2023-07-20..2026-07-23),engineering_reclassified_samples,{},PREFEITURA MUNICIPAL DE ITAJAÍ - SC,83102277000152,2026-07-23,2023-07-20,26,17,45,False,0.583,"[""CONTRATAÇÃO DE EMPRESA ESPECIALIZADA NO RAMO DA ENGENHARIA PARA A EXECUÇÃO DE SERVIÇO COMUM DE ENGENHARIA REFERENTE À PAVIMENTAÇÃO ASFÁLTICA NAS RUAS MARCOS ALBINO, LOCALIZADA NO BAIRRO BAIA, E RODOLP"", ""CONTRATAÇÃO DE EMPRESA ESPECIALIZADA PARA A PRESTAÇÃO DE SERVIÇOS DE ENGENHARIA COMUM, PARA MANUTENÇÃO PREDIAL, PEQUENOS REPAROS E MELHORIAS, PARA AS UNIDADES ESCOLARES DA REDE MUNICIPAL DE ENSINO DE "", ""CONTRATAÇÃO DE EMPRESA PARA A EXECUÇÃO DE OBRA DE ENGENHARIA COMUM, PARA A CONSTRUÇÃO DO MIRANTE DO MORRO DA CRUZ, LOCALIZADO NA RUA ANTÔNIO DE MENEZES VASCONCELOS DE DRUMONT, SN, BAIRRO FAZENDA, ITAJ""]",2033580.01,valor_total / qtd_contratacoes (same semantic as valor_total),"[""drenagem"", ""manutencao_predial"", ""obras_civis"", ""pavimentacao""]",SC,CONTRATADO,52873080.3
True,data_quality_score=0.85 < 1.0 — ranking may over-represent entes with richer source data; not a pure market measure,0.85,"[""pncp_supplier_contracts"", ""isolated_snapshot"", ""engineering_reclassified""]",26 eventos no período (2023-07-20..2026-07-23),engineering_reclassified_samples,{},EMASA - Empresa Municipal de Água e Saneamento de Balneário Camboriú,07854402000100,2026-07-23,2023-07-20,26,18,45,False,0.583,"[""AQUISIÇÃO DE 02 (DOIS) AERADORES FLUTUANTES A SEREM UTILIZADOS NA ESTAÇÃO DE TRATAMENTO DE ESGOTO DA EMASA, CONFORME PROCESSO 118.745/2025."", ""AQUISIÇÃO DE AMOSTRADOR DE LODO PARA OS LABORATÓRIOS DA ESTAÇÃO DE TRATAMENTO DE ESGOTO (ETE) DA EMASA. CONFORME PROCESSO 129737/2026."", ""AQUISIÇÃO DE ANEL RASPADOR PARA A PRENSA PARAFUSO DESTINADA A DESIDRATAÇÃO DO LODO PROVENIENTE DA ESTAÇÃO DE TRATAMENTO DE ESGOTO DA EMPRESA MUNICIPAL DE ÁGUA E SANEAMENTO DE BALNEÁRIO CAMBORIÚ – SC,C""]",1664720.16,valor_total / qtd_contratacoes (same semantic as valor_total),"[""saneamento""]",SC,CONTRATADO,43282724.11
True,data_quality_score=0.85 < 1.0 — ranking may over-represent entes with richer source data; not a pure market measure,0.85,"[""pncp_supplier_contracts"", ""isolated_snapshot"", ""engineering_reclassified""]",37 eventos no período (2023-07-20..2026-07-23),engineering_reclassified_samples,{},PREFEITURA MUNICIPAL DE SÃO JOÃO BATISTA,82925652000100,2026-07-23,2023-07-20,37,19,44,False,0.833,"[""CONTRATAÇÃO DE EMPRESA ESPECIALIZADA EM OBRAS E SERVIÇOS DE ENGENHARIA PARA A EXECUÇÃO/CONSTRUÇÃO DE DUAS SALAS DE AULA NA ESCOLA ALICE DA SILVA GOMES, CENTRO, MUNICÍPIO DE SÃO JOÃO BATISTA, SC, CONFO"", ""CONTRATAÇÃO DE EMPRESA ESPECIALIZADA EM OBRAS E SERVIÇOS DE ENGENHARIA PARA A EXECUÇÃO DE DRENAGEM, PAVIMENTAÇÃO ASFÁLTICA E SINALIZAÇÃO VIÁRIA DAS RUAS BERNARDINO FONTES, JOSÉ RAFAEL BOOZ E OSVALDO A"", ""CONTRATAÇÃO DE EMPRESA ESPECIALIZADA EM OBRAS E SERVIÇOS DE ENGENHARIA PARA A EXECUÇÃO DE DUAS CABECEIRAS EM CONCRETO ARMADO, EXECUTADAS COMO INFRAESTRUTURA/APOIO PARA RECEBER A SUPERESTRUTURA (KIT DE""]",938725.62,valor_total / qtd_contratacoes (same semantic as valor_total),"[""obras_civis""]",SC,CONTRATADO,34732847.77
True,data_quality_score=0.85 < 1.0 — ranking may over-represent entes with richer source data; not a pure market measure,0.85,"[""pncp_supplier_contracts"", ""isolated_snapshot"", ""engineering_reclassified""]",32 eventos no período (2023-07-20..2026-07-23),engineering_reclassified_samples,{},MUNICÍPIO DE TUBARÃO,82928656000133,2026-07-23,2023-07-20,32,20,43,False,0.75,"[""Constitui o objeto do presente instrumento o REGISTRO DE PREÇO para a eventual AQUISIÇÃO DE SERVIÇOS RELACIONADOS AS ATIVIDADES DE MANUTENÇÃO PREDIAL (CORRETIVA, PREVENTIVA E PREDITIVA, conforme quant"", ""Contratação de empresa especializada para a execução de obras de pavimentação em lajotas, drenagem pluvial e sinalização viária de um trecho de 01 (um) quilômetro da Rua Nicolau Manoel da Silva, local"", ""Contratação de empresa especializada para a execução de obras de  pavimentação em lajotas, drenagem pluvial e sinalização viária nas Ruas Alfredo Bernardini e Peter Steinheuser de Jesus, localizadas n""]",587964.14,valor_total / qtd_contratacoes (same semantic as valor_total),"[""manutencao_predial"", ""pavimentacao""]",SC,CONTRATADO,18814852.56
True,data_quality_score=0.85 < 1.0 — ranking may over-represent entes with richer source data; not a pure market measure,0.85,"[""pncp_supplier_contracts"", ""isolated_snapshot"", ""engineering_reclassified""]",27 eventos no período (2023-07-20..2026-07-23),engineering_reclassified_samples,{},"Departamento de Planejamento, Desenvolvimento Urbanos e Indústria e Comércio",83102830000157,2026-07-23,2023-07-20,27,21,40,False,0.667,"[""Contratação da empresa SIQUEIRA MAIS BRASIL LTDA para prestação de serviços de pavimentação comunitária, a pavimentação busca melhorar a mobilidade urbana, proporcionar segurança aos pedestres e condu"", ""Contratação da empresa SIQUEIRA MAIS BRASIL LTDA para prestação de serviços de pavimentação comunitária que busca melhorar a mobilidade urbana, proporcionar segurança aos pedestres e motoristas, eleva"", ""Contratação de empresa especializada para elaboração de projetos básicos e executivos de engenharia destinados à pavimentação de vias urbanas e rurais no Município de Barra Velha/SC, incluindo levanta""]",145711.98,valor_total / qtd_contratacoes (same semantic as valor_total),"[""pavimentacao"", ""terraplenagem""]",SC,CONTRATADO,3934223.41
True,data_quality_score=0.85 < 1.0 — ranking may over-represent entes with richer source data; not a pure market measure,0.85,"[""pncp_supplier_contracts"", ""isolated_snapshot"", ""engineering_reclassified""]",29 eventos no período (2023-07-20..2026-07-23),engineering_reclassified_samples,{},SEOB - Secretaria de Obras de Pomerode,83102251000104,2026-07-23,2023-07-20,29,22,39,False,0.75,"[""CONTRATAÇÃO DE EMPRESA ESPECIALIZADA PARA EXECUÇÃO DE OBRA DE PAVIMENTAÇÃO ASFÁLTICA DA RUA ARNOLDO HARDT E RUA RAULINA BAUER, NO BAIRRO REGA II DO MUNICÍPIO DE POMERODE, COM FORNECIMENTO DE MATERIAIS"", ""CONTRATAÇÃO DE EMPRESA ESPECIALIZADA PARA EXECUÇÃO DE PAVIMENTAÇÃO ASFÁLTICA DA RUA DOS ATIRADORES - TRECHO 07, BAIRRO TESTO CENTRAL, POMERODE/SC, ATRAVÉS DE RECURSOS DA TRANSFERÊNCIA VOLUNTÁRIA ESPEC"", ""CONTRATAÇÃO DE EMPRESA ESPECIALIZADA PARA EXECUÇÃO DE PAVIMENTAÇÃO ASFÁLTICA DAS RUAS IDA HACKBARTH, HEINZ KIEKHOEFEL, WERNER STRELOW E ERIGERT JANDRE, POMERODE/SC, COM FORNECIMENTO DE MATERIAIS, EQUI""]",753078.91,valor_total / qtd_contratacoes (same semantic as valor_total),"[""infraestrutura_urbana"", ""pavimentacao"", ""terraplenagem""]",SC,CONTRATADO,21839288.29
True,data_quality_score=0.85 < 1.0 — ranking may over-represent entes with richer source data; not a pure market measure,0.85,"[""pncp_supplier_contracts"", ""isolated_snapshot"", ""engineering_reclassified""]",20 eventos no período (2023-07-20..2026-07-23),engineering_reclassified_samples,{},PREFEITURA MUNICIPAL DE MELEIRO - SC,82837741000196,2026-07-23,2023-07-20,20,23,39,False,0.5,"[""Aquisição de equipamentos (motores elétricos, componentes e ferragens) incluindo a prestação de serviços para a instalação e religação dos motores da Usina de Pavimentação Asfáltica do município de Me"", ""Aquisição de materiais e mão de obra para a execução de serviços de instalação de pavimentação em paver e meio-fio, visando a modernização e melhoria das condições da Central Municipal de Segurança Pú"", ""Contratação de caminhão caçamba (14 m³) para o transporte de materiais com finalidade de aplicação nas estradas vicinais visando à preparação para a execução de pavimentação asfáltica, conforme determ""]",304691.58,valor_total / qtd_contratacoes (same semantic as valor_total),"[""infraestrutura_urbana"", ""obras_civis"", ""pavimentacao"", ""terraplenagem""]",SC,CONTRATADO,6093831.66
True,,1.0,"[""pncp_supplier_contracts"", ""isolated_snapshot"", ""engineering_reclassified""]",38 eventos no período (2023-07-20..2026-07-23),engineering_reclassified_samples,{},Secretário de Infraestrutura,83102574000106,2026-07-23,2023-07-20,38,24,38,False,1.0,"[""Contratação de empresa especializada para execução de pavimentação em blocos intertravados de concreto, drenagem e sinalização viária do Beco Hercílio Bernardo Cláudio, Bairro: Taboão, Rio do Sul/SC"", ""Contratação de empresa especializada para execução de pavimentação intertravada, drenagem e sinalização viária da Travessa Lothar Weise, Bairro: Laranjeiras, Rio do Sul/SC."", ""Contratação de empresa especializada para execução de pavimentação intertravada, drenagem e sinalização viária do Beco Xavantina, Bairro: Barra do Trombudo, Rio do Sul/SC""]",517182.05,valor_total / qtd_contratacoes (same semantic as valor_total),"[""pavimentacao""]",SC,CONTRATADO,19652917.97
True,data_quality_score=0.85 < 1.0 — ranking may over-represent entes with richer source data; not a pure market measure,0.85,"[""pncp_supplier_contracts"", ""isolated_snapshot"", ""engineering_reclassified""]",18 eventos no período (2023-07-20..2026-07-23),engineering_reclassified_samples,{},PREFEITURA MUNICIPAL DE XAXIM - SC,82854670000130,2026-07-23,2023-07-20,18,25,36,False,0.5,"[""Contratação de empresa especializada, com fornecimento de materiais, mão de obra, equipamentos e insumos, para execução de obra de pavimentação asfáltica com concreto betuminoso usinado a quente (CBUQ"", ""Contratação de empresa especializada, com fornecimento de materiais, mão de obra, equipamentos e insumos, para execução de obra de recapeamento asfáltico com concreto betuminoso usinado a quente (CBUQ"", ""Contratação de empresa especializada, com fornecimento de materiais, mão de obra, equipamentos e insumos, para execução de obra de revitalização da Avenida Plínio Arlindo de Nes no Município de Xaxim-""]",985024.2,valor_total / qtd_contratacoes (same semantic as valor_total),"[""infraestrutura_urbana"", ""pavimentacao""]",SC,CONTRATADO,17730435.59
True,data_quality_score=0.85 < 1.0 — ranking may over-represent entes with richer source data; not a pure market measure,0.85,"[""pncp_supplier_contracts"", ""isolated_snapshot"", ""engineering_reclassified""]",29 eventos no período (2023-07-20..2026-07-23),engineering_reclassified_samples,{},PREFEITURA MUNICIPAL DE NOVA TRENTO,82925025000160,2026-07-23,2023-07-20,29,26,35,False,0.833,"[""CONTRATAÇÃO DE EMPRESA ESPECIALIZADA EM OBRAS E SERVIÇOS DE ENGENHARIA PARA A CONSTRUÇÃO DE 20 (VINTE) UNIDADES DE HABITAÇÃO SOCIAL NO MUNICÍPIO DE NOVA TRENTO/SC, CONFORME PROJETOS, MEMORIAL DESCRITI"", ""CONTRATAÇÃO DE EMPRESA ESPECIALIZADA NA PRESTAÇÃO DE SERVIÇOS DE PAVIMENTAÇÃO ASFÁLTICA, DRENAGEM, SINALIZAÇÃO E PASSEIOS DE DIVERSAS RUAS E PRAÇA GETÚLIO VARGAS, NOS BAIRROS CENTRO E ESPRAIADO, INCLU"", ""CONTRATAÇÃO DE EMPRESA ESPECIALIZADA NA PRESTAÇÃO DE SERVIÇOS PARA EXECUÇÃO DE PAVIMENTAÇÃO ASFÁLTICA DA ESTRADA MUNICIPAL GERAL DE SÃO VALENTIM, FORNECENDO ACESSO A LOCALIDADE DE LAGEADO, INTEGRANDO ""]",949499.79,valor_total / qtd_contratacoes (same semantic as valor_total),"[""obras_civis"", ""pavimentacao""]",SC,CONTRATADO,27535493.77
True,data_quality_score=0.85 < 1.0 — ranking may over-represent entes with richer source data; not a pure market measure,0.85,"[""pncp_supplier_contracts"", ""isolated_snapshot"", ""engineering_reclassified""]",23 eventos no período (2023-07-20..2026-07-23),engineering_reclassified_samples,{},PREFEITURA MUNICIPAL DE TREZE DE MAIO - SC,82928672000126,2026-07-23,2023-07-20,23,27,35,False,0.667,"[""Aquisição parcelada de materiais elétricos com base na tabela SINAPI, para manutenção predial, dentre outras obras e manutenções diversas."", ""Contratação de empresa especializada em serviços de engenharia para execução da cobertura do pavilhão da garagem municipal com área de 1.006,08 m², com uso de telhas de fibrocimento, conforme projetos"", ""Contratação de empresa especializada para execução de obra de engenharia destinada a construção de 12 unidades habitacionais no bairro Rio Vargedo, com recursos do programa Casa Catarina.""]",713771.64,valor_total / qtd_contratacoes (same semantic as valor_total),"[""manutencao_predial"", ""obras_civis"", ""pavimentacao""]",SC,CONTRATADO,16416747.77
True,data_quality_score=0.85 < 1.0 — ranking may over-represent entes with richer source data; not a pure market measure,0.85,"[""pncp_supplier_contracts"", ""isolated_snapshot"", ""engineering_reclassified""]",28 eventos no período (2023-07-20..2026-07-23),engineering_reclassified_samples,{},SECRETARIA DE OBRAS E TRANSPORTES,82915232000134,2026-07-23,2023-07-20,28,28,34,False,0.833,"[""Contratação de empresa para execução das obras de infraestrutura para posterior pavimentação asfáltica da Estrada Municipal TBS 133, no município de Timbé do Sul/SC, tudo de conformidade com o Termo d"", ""contratação de empresa para execução das obras de infraestrutura para posterior pavimentação asfáltica dos trechos 1 e 2, nas estradas municipais TBS 010, TBS 130 e TBS 347, com extensão de 4.560,00m "", ""contratação de empresa para execução das obras de infraestrutura para posterior pavimentação asfáltica do Trecho 1, na estrada municipal TBS 030, Vila Nova, numa extensão de 4.747,00m, no município de""]",672128.68,valor_total / qtd_contratacoes (same semantic as valor_total),"[""pavimentacao""]",SC,CONTRATADO,18819602.95
True,data_quality_score=0.85 < 1.0 — ranking may over-represent entes with richer source data; not a pure market measure,0.85,"[""pncp_supplier_contracts"", ""isolated_snapshot"", ""engineering_reclassified""]",26 eventos no período (2023-07-20..2026-07-23),engineering_reclassified_samples,{},Secretaria de Administração,83102228000110,2026-07-23,2023-07-20,26,29,34,False,0.75,"[""Aquisição de equipamentos para uso no serviço da Secretaria de Infraestrutura Urbana."", ""Aquisição de maquinário para oficina da secretaria de infraestrutura urbana."", ""Aquisição de maquinário para uso da oficina da Secretaria de Infraestrutura Urbana.""]",394352.21,valor_total / qtd_contratacoes (same semantic as valor_total),"[""infraestrutura_urbana"", ""pavimentacao""]",SC,CONTRATADO,10253157.38
True,data_quality_score=0.85 < 1.0 — ranking may over-represent entes with richer source data; not a pure market measure,0.85,"[""pncp_supplier_contracts"", ""isolated_snapshot"", ""engineering_reclassified""]",22 eventos no período (2023-07-20..2026-07-23),engineering_reclassified_samples,{},MOBILIDADE URBANA,86051398000100,2026-07-23,2023-07-20,22,30,33,False,0.667,"[""CONTRATAÇÃO DE EMPRESA ESPECIALIZADA PARA FORNECIMENTO DE MATERIAIS, MÃO DE OBRA E DEMAIS OBRIGAÇÕES NECESSÁRIAS PARA A EXECUÇÃO DA PAVIMENTAÇÃO ASFÁLTICA, DRENAGEM E OBRAS COMPLEMENTARES, SOB O REGIM"", ""CONTRATAÇÃO DE EMPRESA ESPECIALIZADA PARA FORNECIMENTO DE MATERIAIS, MÃO DE OBRA E DEMAIS OBRIGAÇÕES NECESSÁRIAS PARA EXECUÇÃO DE PAVIMENTAÇÃO EM CONCRETO DA RUA ANTÔNIO GROSSKOPF, TRECHO PARCIAL, CON"", ""CONTRATAÇÃO DE EMPRESA ESPECIALIZADA PARA FORNECIMENTO DE MATERIAIS, MÃO DE OBRA E DEMAIS OBRIGAÇÕES NECESSÁRIAS PARA PAVIMENTAÇÃO ASFÁLTICA DA RUA AFONSO KOBS, CONFORME CONDIÇÕES, QUANTIDADES E EXIGÊ""]",2096913.24,valor_total / qtd_contratacoes (same semantic as valor_total),"[""pavimentacao""]",SC,CONTRATADO,46132091.18
True,data_quality_score=0.85 < 1.0 — ranking may over-represent entes with richer source data; not a pure market measure,0.85,"[""pncp_supplier_contracts"", ""isolated_snapshot"", ""engineering_reclassified""]",24 eventos no período (2023-07-20..2026-07-23),engineering_reclassified_samples,{},PREFEITURA MUNICIPAL DE PALMITOS - SC,85361863000147,2026-07-23,2023-07-20,24,31,32,False,0.75,"[""CONTRATAÇÃO DE EMPRESA ESPECIALIZADA EM ENGENHARIA PARA EXECUÇÃO DE OBRAS DE REVITALIZAÇÃO E MELHORIAS DE INFRAESTRUTURA NA PRAÇA MUNICIPAL CARLOS CULMEY, INCLUINDO O FORNECIMENTO DE MATERIAIS, MÃO DE"", ""CONTRATAÇÃO DE EMPRESA ESPECIALIZADA PARA EXECUÇÃO DE AMPLIAÇÃO DE PAVIMENTAÇÃO EM PEDRAS DE BASALTO IRREGULARES, NA RUA JUSCELINO KUBITSCHEK, NO DISTRITO DE SANTA LÚCIA, E EXECUÇÃO DE TERRAPLANAGEM, "", ""CONTRATAÇÃO DE EMPRESA ESPECIALIZADA PARA EXECUÇÃO DE OBRA DE PAVIMENTAÇÃO ASFÁLTICA, DRENAGEM PLUVIAL E SINALIZAÇÃO VIÁRIA NA ESTRADA RURAL LINHA PROGRESSO, EM TRECHO APROXIMADO DE 3,5 KM, NO INTERIO""]",1322497.42,valor_total / qtd_contratacoes (same semantic as valor_total),"[""infraestrutura_urbana"", ""pavimentacao"", ""terraplenagem""]",SC,CONTRATADO,31739938.05
True,data_quality_score=0.85 < 1.0 — ranking may over-represent entes with richer source data; not a pure market measure,0.85,"[""pncp_supplier_contracts"", ""isolated_snapshot"", ""engineering_reclassified""]",16 eventos no período (2023-07-20..2026-07-23),engineering_reclassified_samples,{},MUNICÍPIO DE SANTO AMARO DA IMPERATRIZ,82892324000146,2026-07-23,2023-07-20,16,32,31,False,0.5,"[""Constitui-se objeto da presente licitação a aquisição de materiais de construção e/ou pavimentação cfe. especificações e quantidades nos Anexos integrantes deste Edital."", ""CONTRATAÇÃO DE EMPRESA ESPECIALIZADA EM EXECUÇÃO DE OBRAS DE ENGENHARIA, PAVIMENTAÇÃO ASFÁLTICA, PARA EXECUÇÃO DE PAVIMENTO DA RUA FREI DALVINO MUNARETTO, LOCALIZADA NO BAIRRO CENTRO, SANTO AMARO DA I"", ""CONTRATAÇÃO DE EMPRESA ESPECIALIZADA EM EXECUÇÃO DE OBRAS DE ENGENHARIA, PAVIMENTAÇÃO, DRENAGEM, CALÇADAS, CICLOVIA, REFORMA DO PORTAL DE ENTRADA DA CIDADE E SINALIZAÇÃO VIÁRIA, PARA REVITALIZAÇÃO URB""]",594162.94,valor_total / qtd_contratacoes (same semantic as valor_total),"[""obras_civis"", ""pavimentacao""]",SC,CONTRATADO,9506607.04
True,,1.0,"[""pncp_supplier_contracts"", ""isolated_snapshot"", ""engineering_reclassified""]",31 eventos no período (2023-07-20..2026-07-23),engineering_reclassified_samples,{},SECRETARIA MUNICIPAL DE INFRA ESTRUTURA,82926569000147,2026-07-23,2023-07-20,31,33,31,False,1.0,"[""CONTRATAÇÃO DE EMPRESA DE ENGENHARIA PARA EXECUÇÃO DE PAVIMENTAÇÃO EM PEÇAS DE CONCRETO TIPO III, SEXTAVADOS NAS RUA VITORIO MARCON, RUA ADALBERTO ARINO CARGNIN E RUA PEDRO ALVIN, E PAVIMENTAÇÃO DE CO"", ""Contratação de empresa de engenharia para execução de Pavimentação em revestimento asfáltico, nas Estrada Geral Indaial - Trecho 02 e Rua Alvaro José de Medeiros - Trecho 02, com material e mão-de-obr"", ""Contratação de empresa de engenharia para execução de Pavimentação em revestimento asfáltico, nas Rua José Pedro Neves - Trecho 03, Estrada Geral Indaial - Trecho 02 e Estrada Geral Várzea das Canoas ""]",412572.84,valor_total / qtd_contratacoes (same semantic as valor_total),"[""pavimentacao""]",SC,CONTRATADO,12789758.1
True,data_quality_score=0.85 < 1.0 — ranking may over-represent entes with richer source data; not a pure market measure,0.85,"[""pncp_supplier_contracts"", ""isolated_snapshot"", ""engineering_reclassified""]",22 eventos no período (2023-07-20..2026-07-23),engineering_reclassified_samples,{},Departamento de Obras Públicas,81140303000101,2026-07-23,2023-07-20,22,34,30,False,0.75,"[""Contratação de empresa de engenharia, especializada na prestação de serviços, para o fornecimento de materiais e execução da drenagem pluvial e pavimentação com blocos de concreto com 16 faces, para A"", ""Contratação de empresa especializada para a execução de drenagem pluvial e pavimentação asfáltica na Rua 1300 Antônio Pacheco, conforme Projeto Básico e demais anexos partes integrantes do Edital."", ""Contratação de empresa especializada para a execução de drenagem pluvial e pavimentação com blocos de concreto na Avenida das Margaridas, conforme Projeto Executivo e demais anexos partes integrantes ""]",957415.39,valor_total / qtd_contratacoes (same semantic as valor_total),"[""pavimentacao""]",SC,CONTRATADO,21063138.66
True,data_quality_score=0.85 < 1.0 — ranking may over-represent entes with richer source data; not a pure market measure,0.85,"[""pncp_supplier_contracts"", ""isolated_snapshot"", ""engineering_reclassified""]",19 eventos no período (2023-07-20..2026-07-23),engineering_reclassified_samples,{},PREFEITURA MUNICIPAL DE CORDILHEIRA ALTA - SC,95990198000104,2026-07-23,2023-07-20,19,35,29,False,0.667,"[""CONTRATAÇÃO DE EMPRESA ESPECIALIZADA PARA A EXECUÇÃO DE OBRA DE ENGENHARIA PARA REFORMA E SUBSTITUIÇÃO DA REDE DE ABASTECIMENTO DE ÁGUA NA LINHA BENTO GONÇALVES, COM EXTENSÃO APROXIMADA DE 5.090 METRO"", ""CONTRATAÇÃO DE EMPRESA ESPECIALIZADA PARA A EXECUÇÃO DE OBRA DE PAVIMENTAÇÃO ASFÁLTICA, COMPREENDENDO O FORNECIMENTO DE MATERIAIS, MÃO DE OBRA, EQUIPAMENTOS NECESSÁRIOS, NO TRECHO LOCALIZADO NA COMUNI"", ""CONTRATAÇÃO DE EMPRESA ESPECIALIZADA PARA A EXECUÇÃO DE OBRA DE REPERFILAGEM/RECAPEAMENTO ASFÁLTICO, COMPREENDENDO O FORNECIMENTO DE MATERIAIS, MÃO DE OBRA, EQUIPAMENTOS NECESSÁRIOS, NOS TRECHOS DAS R""]",376504.74,valor_total / qtd_contratacoes (same semantic as valor_total),"[""obras_civis"", ""pavimentacao"", ""saneamento""]",SC,CONTRATADO,7153590.03
True,data_quality_score=0.85 < 1.0 — ranking may over-represent entes with richer source data; not a pure market measure,0.85,"[""pncp_supplier_contracts"", ""isolated_snapshot"", ""engineering_reclassified""]",16 eventos no período (2023-07-20..2026-07-23),engineering_reclassified_samples,{},Prefeitura de Gaspar - SC,83102244000102,2026-07-23,2023-07-20,16,36,28,False,0.583,"[""CONTRATAÇÃO DE EMPRESA ESPECIALIZADA PARA EXECUÇÃO DE SERVIÇOS DE DRENAGEM E PAVIMENTAÇÃO DA RUA ITÁLIA – TRECHOS 02 E 03."", ""CONTRATAÇÃO DE EMPRESA ESPECIALIZADA PARA EXECUÇÃO DE SERVIÇOS DE PAVIMENTAÇÃO E DESLOCAMENTO DE POSTE NA RUA BELARMINO JOÃO DA SILVA."", ""CONTRATAÇÃO DE EMPRESA ESPECIALIZADA PARA EXECUÇÃO DE SERVIÇOS DE PAVIMENTAÇÃO E DRENAGEM PLUVIAL NA RUA FILADÉLFIA.""]",1798575.56,valor_total / qtd_contratacoes (same semantic as valor_total),"[""pavimentacao""]",SC,CONTRATADO,28777208.92
True,data_quality_score=0.85 < 1.0 — ranking may over-represent entes with richer source data; not a pure market measure,0.85,"[""pncp_supplier_contracts"", ""isolated_snapshot"", ""engineering_reclassified""]",21 eventos no período (2023-07-20..2026-07-23),engineering_reclassified_samples,{},SECRETARIA MUNICIPAL DE OBRAS E PLANEJAMENTO,83102319000155,2026-07-23,2023-07-20,21,37,28,False,0.75,"[""CONTRATAÇÃO DE EMPRESA ESPECIALIZADA EM OBRAS DE ENGENHARIA PARA FORNECIMENTO DE MATERIAL E MÃO DE OBRA PARA EXECUÇÃO DA REVITALIZAÇÃO DA PRAÇA DO IMIGRANTE, NO MUNICÍPIO DE LUIZ ALVES/SC, CONFORME PR"", ""CONTRATAÇÃO DE EMPRESA ESPECIALIZADA EM OBRAS DE ENGENHARIA PARA FORNECIMENTO DE MATERIAL E MÃO DE OBRA PARA EXECUÇÃO DE PRAÇA LOCALIZADA NO NÚCLEO HABITACIONAL SERAFIM, NO MUNICÍPIO DE LUIZ ALVES/SC,"", ""Contratação de obra de execução da Rua Coberta, contemplando pavimentação da rua em concreto, cobertura metálica, iluminação e serviços complementares, no bairro Vila do Salto do Município de Luiz Alv""]",851622.2,valor_total / qtd_contratacoes (same semantic as valor_total),"[""drenagem"", ""obras_civis"", ""pavimentacao""]",SC,CONTRATADO,17884066.11
True,data_quality_score=0.85 < 1.0 — ranking may over-represent entes with richer source data; not a pure market measure,0.85,"[""pncp_supplier_contracts"", ""isolated_snapshot"", ""engineering_reclassified""]",23 eventos no período (2023-07-20..2026-07-23),engineering_reclassified_samples,{},MUNICÍPIO DE ORLEANS,82926544000143,2026-07-23,2023-07-20,23,38,28,False,0.833,"[""AQUISIÇÃO DE PEDRA DE GRANITO CINZA CORUMBÁ FLAMEADO, COM ESPESSURA DE 2,0 CM. ESTE MATERIAL SERÁ UTILIZADO NA PAVIMENTAÇÃO DE PISOS EM ÁREAS PÚBLICAS, COMO PASSEIOS, PARQUES E PRAÇAS, ATENDENDO ÀS DE"", ""CONTRATAÇÃO DE EMPRESA ESPECIALIZADA PARA A EXECUÇÃO DA PAVIMENTAÇÃO DA RUA MÁRIO JOÃO RABELO E PARTE DA RUA ANCEMO SCHAMBECK COM A UTILIZAÇÃO DE PAVERS EM CONCRETO, INCLUINDO OS PASSEIOS, NA CIDADE D"", ""CONTRATAÇÃO DE EMPRESA ESPECIALIZADA PARA A EXECUÇÃO DE OBRA DE ENGENHARIA DE MURO FRONTAL DA ESCOLA MUNICIPAL HILSA PEDONE NO BAIRRO RIO BELO NO MUNICÍPIO DE ORLEANS - CONTRATAÇÃO POR MEIO DE DISPENS""]",788306.99,valor_total / qtd_contratacoes (same semantic as valor_total),"[""obras_civis"", ""pavimentacao"", ""terraplenagem""]",SC,CONTRATADO,18131060.72
True,,1.0,"[""pncp_supplier_contracts"", ""isolated_snapshot"", ""engineering_reclassified""]",28 eventos no período (2023-07-20..2026-07-23),engineering_reclassified_samples,{},Departamento de Urbanismo,83102640000130,2026-07-23,2023-07-20,28,39,28,False,1.0,"[""CONSTRUÇÃO DE MURO DE GABIÃO E RECOMPOSIÇÃO DA PAVIMENTAÇÃO DA RUA VER. MARCOLINO JOSÉ MIGUEL - LOTEAMENTO IRMÃ PAULINA. OBRA A SER EXECUTADA COM RECURSOS DO GOVERNO FEDERAL (DEFESA CIVIL). PROCESSO D"", ""CONSTRUÇÃO DE MURO DE GABIÃO, RECOMPOSIÇÃO EM LAJOTAS HEXAGONAIS DE CONCRETO, DRENAGEM PLUVIAL, PAVIMENTAÇÃO DE PASSEIO EM PAVER E SINALIZAÇÃO VIÁRIA NA RUA VEREADOR MARCOLINO JOSÉ MIGUEL, BAIRRO GABI"", ""CONTRATAÇÃO DE EMPRESA ESPECIALIZADA PARA EXECUÇÃO DA PAVIMENTAÇÃO EM LAJOTAS HEXAGONAIS DE CONCRETO DA RUA JOSÉ DOMINGOS BERNS, TRECHO 02, E DA RUA VEREADOR WALMIR FRANCISCO STEINBACH, LOCALIZADAS NO""]",668696.82,valor_total / qtd_contratacoes (same semantic as valor_total),"[""pavimentacao""]",SC,CONTRATADO,18723510.96
True,data_quality_score=0.85 < 1.0 — ranking may over-represent entes with richer source data; not a pure market measure,0.85,"[""pncp_supplier_contracts"", ""isolated_snapshot"", ""engineering_reclassified""]",15 eventos no período (2023-07-20..2026-07-23),engineering_reclassified_samples,{},Câmara de Vereadores de Balneário Camboriú,83551549000100,2026-07-23,2023-07-20,15,40,28,False,0.545,"[""CONTRATAÇÃO DE EMPRESA ESPECIALIZADA EM FORNECIMENTO DE EQUIPAMENTOS PARA MANUTENÇÃO PREDIAL (ESCADA “PADRÃO BOMBEIROS” E KIT PARAFUSADEIRA), PARA USO DA CÂMARA DE VEREADORES DE BALNEÁRIO CAMBORIÚ"", ""CONTRATAÇÃO DE EMPRESA ESPECIALIZADA NO FORNECIMENTO DE MATERIAIS DE MANUTENÇÃO PREDIAL E DE TI, PARA A CÂMARA MUNICIPAL DE BALNEÁRIO CAMBORIÚ, CONFORME CONDIÇÕES E EXIGÊNCIAS ESTABELECIDAS NESTE INST"", ""CONTRATAÇÃO DE EMPRESA ESPECIALIZADA NO FORNECIMENTO DE MATERIAIS DE MANUTENÇÃO PREDIAL, PARA A CÂMARA MUNICIPAL DE BALNEÁRIO CAMBORIÚ (CVBC), CONFORME CONDIÇÕES E EXIGÊNCIAS ESTABELECIDAS NESTE INSTR""]",31128.28,valor_total / qtd_contratacoes (same semantic as valor_total),"[""manutencao_predial"", ""obras_civis""]",SC,CONTRATADO,466924.14
